,longitude,latitude,housing_median_age,total_rooms,total_bedrooms,population,households,median_income,median_house_value
0,-122.05,37.37,27.0,3885.0,661.0,1537.0,606.0,6.6085,344700.0
1,-118.3,34.26,43.0,1510.0,310.0,809.0,277.0,3.599,176500.0
2,-117.81,33.78,27.0,3589.0,507.0,1484.0,495.0,5.7934,270500.0
3,-118.36,33.82,28.0,67.0,15.0,49.0,11.0,6.1359,330000.0
4,-119.67,36.33,19.0,1241.0,244.0,850.0,237.0,2.9375,81700.0
5,-119.56,36.51,37.0,1018.0,213.0,663.0,204.0,1.6635,67000.0
6,-121.43,38.63,43.0,1009.0,225.0,604.0,218.0,1.6641,67000.0
7,-120.65,35.48,19.0,2310.0,471.0,1341.0,441.0,3.225,166900.0
8,-122.84,38.4,15.0,3080.0,617.0,1446.0,599.0,3.6696,194400.0
9,-118.02,34.08,31.0,2402.0,632.0,2830.0,603.0,2.3333,164200.0
10,-118.24,33.98,45.0,972.0,249.0,1288.0,261.0,2.2054,125000.0
11,-119.12,35.85,37.0,736.0,166.0,564.0,138.0,2.4167,58300.0
12,-121.93,37.25,36.0,1089.0,182.0,535.0,170.0,4.69,252600.0
13,-117.03,32.97,16.0,3936.0,694.0,1935.0,659.0,4.5625,231200.0
14,-117.97,33.73,27.0,2097.0,325.0,1217.0,331.0,5.7121,222500.0
15,-117.99,33.81,42.0,161.0,40.0,157.0,50.0,2.2,153100.0
16,-120.81,37.53,15.0,570.0,123.0,189.0,107.0,1.875,181300.0
17,-121.2,38.69,26.0,3077.0,607.0,1603.0,595.0,2.7174,137500.0
18,-118.88,34.21,26.0,1590.0,196.0,654.0,199.0,6.5851,300000.0
19,-122.59,38.01,35.0,8814.0,1307.0,3450.0,1258.0,6.1724,414300.0
20,-122.15,37.75,40.0,1445.0,256.0,849.0,255.0,3.8913,126300.0
21,-121.37,38.68,36.0,1775.0,296.0,937.0,305.0,3.1786,83400.0
22,-118.16,34.07,47.0,2994.0,543.0,1651.0,561.0,3.8644,241500.0
23,-122.2,37.79,45.0,2021.0,528.0,1410.0,480.0,2.7788,115400.0
24,-117.28,33.28,13.0,6131.0,1040.0,4049.0,940.0,3.8156,150700.0
25,-118.03,34.16,36.0,1401.0,218.0,667.0,225.0,7.1615,484700.0
26,-122.42,37.76,52.0,3587.0,1030.0,2259.0,979.0,2.5403,250000.0
27,-118.39,33.99,32.0,2612.0,418.0,1030.0,402.0,6.603,369200.0
28,-118.45,34.07,19.0,4845.0,1609.0,3751.0,1539.0,1.583,350000.0
29,-118.48,34.01,30.0,3078.0,954.0,1561.0,901.0,3.4852,425000.0
30,-119.35,36.33,14.0,1195.0,220.0,568.0,229.0,3.1486,105600.0
31,-118.3,33.91,34.0,1617.0,493.0,1530.0,500.0,2.6182,172600.0
32,-121.13,39.31,17.0,3442.0,705.0,1693.0,619.0,2.8102,128900.0
33,-118.08,34.55,5.0,16181.0,2971.0,8152.0,2651.0,4.5237,141800.0
34,-118.32,33.94,38.0,1067.0,170.0,499.0,169.0,4.6389,183800.0
35,-118.11,34.0,33.0,2886.0,726.0,2650.0,728.0,2.625,178700.0
36,-122.53,37.97,52.0,1560.0,451.0,700.0,419.0,2.5125,270800.0
37,-118.02,33.92,34.0,1478.0,251.0,956.0,277.0,5.5238,185300.0
38,-118.05,33.93,31.0,894.0,203.0,883.0,190.0,3.6771,141500.0
39,-119.01,34.23,11.0,5785.0,1035.0,2760.0,985.0,4.693,232200.0
40,-119.32,36.2,15.0,1562.0,275.0,961.0,287.0,3.4231,83300.0
41,-116.92,32.77,16.0,2770.0,406.0,1269.0,429.0,6.6783,275000.0
42,-118.06,34.15,37.0,1980.0,226.0,697.0,226.0,15.0001,500001.0
43,-117.27,34.09,36.0,848.0,186.0,737.0,169.0,0.9838,79300.0
44,-118.23,34.13,48.0,1308.0,286.0,835.0,294.0,4.2891,214800.0
45,-117.24,33.17,4.0,9998.0,1874.0,3925.0,1672.0,4.2826,237500.0
46,-121.91,37.44,24.0,1212.0,251.0,799.0,242.0,5.0808,212500.0
47,-118.29,33.94,47.0,1782.0,338.0,1003.0,329.0,2.5398,105700.0
48,-121.35,38.0,6.0,1649.0,369.0,732.0,350.0,3.4231,123800.0
49,-117.99,33.78,19.0,7399.0,1698.0,3554.0,1593.0,3.1049,173900.0
50,-120.99,37.7,14.0,9849.0,1887.0,4356.0,1780.0,3.5877,160900.0
51,-119.42,35.97,21.0,554.0,121.0,426.0,122.0,2.3516,47500.0
52,-122.21,37.8,39.0,2003.0,500.0,1109.0,464.0,3.0682,156500.0
53,-118.17,33.8,26.0,1589.0,380.0,883.0,366.0,3.5313,187500.0
54,-117.9,34.09,39.0,1726.0,333.0,892.0,335.0,4.3409,191800.0
55,-117.99,33.93,36.0,1287.0,233.0,779.0,229.0,4.8523,175800.0
56,-121.42,38.72,10.0,3054.0,528.0,1932.0,510.0,3.0903,91900.0
57,-118.77,34.26,26.0,3038.0,468.0,1825.0,468.0,5.6385,196900.0
58,-121.93,37.33,44.0,1449.0,291.0,676.0,282.0,3.575,292200.0
59,-121.82,37.25,16.0,2650.0,600.0,1969.0,586.0,3.9461,194300.0
60,-122.29,37.56,36.0,805.0,140.0,445.0,139.0,5.8221,289400.0
61,-121.78,37.23,18.0,1747.0,317.0,1055.0,285.0,5.898,229100.0
62,-118.41,34.0,35.0,1062.0,305.0,1026.0,307.0,2.7153,265500.0
63,-121.67,40.87,31.0,1581.0,299.0,776.0,287.0,2.9063,77800.0
64,-118.0,33.92,26.0,2830.0,399.0,1204.0,404.0,6.1273,289600.0
65,-117.22,32.73,38.0,3966.0,768.0,1640.0,729.0,3.8409,291400.0
66,-121.08,37.69,19.0,6473.0,1212.0,3559.0,1123.0,3.2246,129300.0
67,-117.53,33.92,12.0,2290.0,319.0,728.0,228.0,6.1561,233500.0
68,-117.46,34.08,18.0,3830.0,750.0,2767.0,702.0,3.6602,120700.0
69,-117.97,33.86,35.0,1691.0,367.0,1265.0,378.0,3.5855,174300.0
70,-121.92,37.33,52.0,2125.0,382.0,930.0,387.0,5.2831,299500.0
71,-118.2,34.04,44.0,1582.0,544.0,1998.0,515.0,1.6888,125000.0
72,-118.06,33.8,22.0,1892.0,442.0,1015.0,404.0,4.1379,212500.0
73,-122.05,37.36,34.0,2400.0,419.0,1017.0,384.0,4.1369,316900.0
74,-123.79,39.5,24.0,1421.0,291.0,588.0,274.0,2.325,157300.0
75,-120.79,37.49,44.0,1186.0,225.0,687.0,234.0,3.4167,160700.0
76,-121.89,37.35,47.0,2879.0,631.0,2229.0,606.0,3.2599,183100.0
77,-118.43,34.2,29.0,3051.0,694.0,1942.0,679.0,3.1118,238100.0
78,-118.75,34.17,18.0,6217.0,858.0,2703.0,834.0,6.8075,325900.0
79,-122.47,37.99,22.0,7274.0,1002.0,2468.0,957.0,7.494,439200.0
80,-120.69,37.4,46.0,860.0,130.0,496.0,147.0,3.5167,137500.0
81,-118.28,34.05,44.0,968.0,384.0,1805.0,375.0,1.4801,212500.0
82,-118.44,34.25,35.0,1583.0,324.0,1481.0,351.0,3.7,176000.0
83,-122.05,38.26,21.0,7195.0,1416.0,3927.0,1377.0,3.0912,126300.0
84,-121.99,37.35,18.0,1712.0,509.0,972.0,467.0,4.3971,238900.0
85,-121.02,37.68,28.0,2875.0,560.0,1608.0,558.0,3.5489,106400.0
86,-119.85,36.74,35.0,1191.0,190.0,537.0,182.0,3.5375,96700.0
87,-118.02,34.08,28.0,2769.0,631.0,2452.0,581.0,2.6071,175900.0
88,-123.52,41.01,17.0,1564.0,345.0,517.0,222.0,2.1542,83800.0
89,-122.4,37.62,44.0,1619.0,362.0,1064.0,335.0,4.0238,224200.0
90,-118.13,34.15,24.0,1125.0,341.0,579.0,321.0,2.8125,141700.0
91,-122.0,37.98,32.0,1013.0,169.0,436.0,173.0,5.1118,226900.0
92,-118.45,34.25,36.0,1453.0,270.0,808.0,275.0,4.3839,204600.0
93,-117.5,33.87,4.0,6755.0,1017.0,2866.0,850.0,5.0493,239800.0
94,-122.22,37.84,50.0,2935.0,473.0,1031.0,479.0,7.5,295200.0
95,-119.82,36.64,30.0,1694.0,312.0,1008.0,321.0,2.2466,96000.0
96,-120.21,36.77,20.0,1745.0,348.0,1093.0,302.0,2.3194,90600.0
97,-120.97,38.42,16.0,1748.0,322.0,4930.0,287.0,4.3029,121900.0
98,-121.19,38.87,20.0,3118.0,500.0,1405.0,519.0,6.0,209400.0
99,-118.2,33.77,52.0,1375.0,457.0,1089.0,317.0,2.2344,200000.0
100,-118.3,34.02,49.0,2120.0,483.0,1522.0,416.0,1.85,116800.0
101,-122.23,37.79,43.0,5963.0,1344.0,4367.0,1231.0,2.1917,112800.0
102,-121.31,38.62,31.0,3114.0,430.0,1121.0,456.0,6.244,240000.0
103,-117.25,32.8,35.0,2281.0,506.0,1005.0,496.0,4.2296,275000.0
104,-118.26,33.99,36.0,2016.0,505.0,1807.0,464.0,1.6901,103500.0
105,-119.39,36.54,34.0,1590.0,422.0,1272.0,407.0,1.8068,59000.0
106,-121.51,38.52,30.0,3236.0,588.0,1167.0,569.0,4.0972,181400.0
107,-119.18,34.27,6.0,2307.0,386.0,910.0,364.0,5.215,279500.0
108,-118.18,33.77,30.0,1418.0,439.0,720.0,417.0,2.6371,159400.0
109,-122.43,37.74,52.0,1514.0,314.0,724.0,301.0,5.3292,300900.0
110,-117.93,33.91,24.0,1698.0,297.0,676.0,273.0,5.2017,364600.0
111,-124.16,40.77,35.0,2141.0,438.0,1053.0,434.0,2.8529,85600.0
112,-117.95,33.63,27.0,2489.0,481.0,1082.0,443.0,5.8777,358800.0
113,-118.05,34.1,36.0,1606.0,318.0,889.0,294.0,4.7931,272600.0
114,-116.97,32.81,19.0,1573.0,471.0,844.0,414.0,2.1422,125000.0
115,-118.85,34.17,42.0,564.0,96.0,220.0,81.0,4.5625,318800.0
116,-117.73,33.63,15.0,2874.0,592.0,1382.0,586.0,5.5137,161800.0
117,-122.07,37.34,30.0,1851.0,238.0,631.0,236.0,10.1007,500001.0
118,-117.18,33.02,15.0,3540.0,453.0,1364.0,425.0,13.6623,500001.0
119,-118.41,34.0,38.0,324.0,70.0,268.0,73.0,2.55,271400.0
120,-121.96,37.3,20.0,4228.0,1006.0,2334.0,1007.0,4.3081,227300.0
121,-121.74,38.55,34.0,2299.0,579.0,1300.0,536.0,1.6435,148500.0
122,-118.21,33.92,28.0,2949.0,1003.0,4551.0,930.0,1.9026,131900.0
123,-121.9,36.61,29.0,3412.0,827.0,1574.0,759.0,2.9309,217100.0
124,-117.81,33.84,17.0,4343.0,515.0,1605.0,484.0,10.5981,460100.0
125,-118.19,33.93,42.0,1829.0,391.0,1614.0,377.0,3.1912,146400.0
126,-120.93,37.73,14.0,2799.0,618.0,2294.0,596.0,2.6343,81500.0
127,-122.02,37.96,25.0,2615.0,368.0,935.0,366.0,6.6727,305100.0
128,-122.47,37.79,52.0,2844.0,623.0,1380.0,596.0,4.75,500001.0
129,-117.19,34.03,25.0,2513.0,340.0,900.0,320.0,6.4962,182400.0
130,-117.24,32.8,28.0,1072.0,331.0,692.0,321.0,2.1357,187500.0
131,-118.13,34.1,19.0,2742.0,756.0,1396.0,703.0,2.5663,197500.0
132,-122.42,37.73,50.0,3426.0,769.0,2261.0,671.0,2.888,246400.0
133,-118.14,34.71,32.0,1164.0,248.0,588.0,270.0,1.1917,86900.0
134,-119.76,36.75,39.0,2233.0,563.0,2031.0,491.0,1.8641,50800.0
135,-122.34,37.56,39.0,3562.0,391.0,1139.0,391.0,12.6417,500001.0
136,-122.45,40.46,16.0,2734.0,501.0,1413.0,484.0,2.8085,105700.0
137,-118.29,33.91,31.0,2025.0,618.0,2231.0,593.0,2.4741,151200.0
138,-118.32,33.91,34.0,3041.0,677.0,1920.0,640.0,4.5304,181300.0
139,-122.04,37.36,26.0,3298.0,460.0,1241.0,472.0,6.8753,403000.0
140,-117.39,34.1,12.0,7184.0,1516.0,4862.0,1235.0,2.4492,103800.0
141,-122.25,37.8,36.0,1678.0,606.0,1645.0,543.0,2.2303,116700.0
142,-117.98,34.1,22.0,5661.0,1209.0,5389.0,1178.0,3.7727,159700.0
143,-120.06,36.95,24.0,646.0,134.0,454.0,149.0,2.125,61900.0
144,-121.47,39.49,17.0,1554.0,242.0,553.0,230.0,3.2174,91800.0
145,-122.2,37.79,35.0,1802.0,459.0,1009.0,390.0,2.3036,126000.0
146,-117.23,32.75,23.0,2415.0,653.0,1275.0,596.0,3.1389,101800.0
147,-119.75,36.74,39.0,1740.0,351.0,1098.0,347.0,1.8958,51300.0
148,-117.92,34.03,35.0,1341.0,233.0,898.0,216.0,4.1118,157300.0
149,-121.64,39.28,25.0,2857.0,662.0,2076.0,685.0,1.8095,64100.0
150,-117.14,32.72,45.0,1140.0,310.0,840.0,339.0,1.6156,156300.0
151,-122.29,37.54,41.0,1743.0,349.0,811.0,349.0,4.9464,282400.0
152,-117.91,33.94,15.0,5799.0,842.0,2314.0,787.0,6.3433,350500.0
153,-118.38,34.27,8.0,3248.0,847.0,2608.0,731.0,2.8214,158300.0
154,-122.03,37.6,24.0,2077.0,383.0,1488.0,389.0,4.5721,214700.0
155,-117.13,33.15,16.0,3907.0,671.0,1759.0,663.0,3.1776,172600.0
156,-118.28,34.0,42.0,855.0,284.0,890.0,247.0,1.2778,112500.0
157,-122.45,37.72,52.0,1729.0,319.0,890.0,300.0,4.3036,261800.0
158,-119.77,36.77,38.0,3065.0,658.0,1441.0,625.0,2.0564,64700.0
159,-117.7,33.64,15.0,5743.0,773.0,2380.0,773.0,8.1926,326600.0
160,-117.07,32.79,36.0,3583.0,642.0,1711.0,602.0,3.9745,170800.0
161,-117.85,33.62,13.0,5192.0,658.0,1865.0,662.0,15.0001,500001.0
162,-117.76,33.71,15.0,1010.0,350.0,470.0,342.0,3.2229,108300.0
163,-117.19,34.94,31.0,2034.0,444.0,1097.0,367.0,2.1522,60800.0
164,-120.97,37.69,15.0,4065.0,841.0,1986.0,680.0,3.072,114300.0
165,-117.19,33.64,12.0,1481.0,265.0,757.0,243.0,3.235,210700.0
166,-118.38,33.91,36.0,2904.0,515.0,1463.0,534.0,5.8374,289600.0
167,-121.56,38.26,43.0,1906.0,327.0,996.0,314.0,2.9744,136800.0
168,-118.96,35.87,17.0,1668.0,307.0,888.0,277.0,3.7794,96200.0
169,-116.96,32.8,24.0,2493.0,693.0,1420.0,643.0,1.8357,104200.0
170,-118.27,33.94,30.0,1764.0,397.0,1406.0,362.0,1.449,93100.0
171,-119.18,34.19,36.0,4519.0,1081.0,4818.0,1061.0,2.8561,179100.0
172,-118.23,33.9,28.0,1108.0,284.0,1498.0,289.0,2.4706,88800.0
173,-120.49,37.26,28.0,2159.0,416.0,1283.0,378.0,1.8939,83000.0
174,-121.43,38.64,34.0,2010.0,411.0,1501.0,422.0,2.0417,65900.0
175,-118.14,34.17,42.0,2757.0,713.0,2112.0,653.0,2.7148,166800.0
176,-119.09,35.41,12.0,3449.0,522.0,1754.0,551.0,5.6235,130600.0
177,-118.02,33.71,24.0,2598.0,443.0,1184.0,435.0,5.8623,287800.0
178,-121.53,39.06,20.0,561.0,109.0,308.0,114.0,3.3021,70800.0
179,-119.29,34.28,38.0,2387.0,748.0,1537.0,741.0,2.3147,192500.0
180,-121.84,37.34,33.0,1019.0,191.0,938.0,215.0,4.0929,165000.0
181,-117.99,33.88,42.0,1461.0,302.0,986.0,314.0,3.9559,161100.0
182,-122.24,37.55,3.0,6164.0,1175.0,2198.0,975.0,6.7413,435900.0
183,-121.8,37.31,21.0,2630.0,446.0,1789.0,389.0,5.0543,232000.0
184,-117.43,34.08,13.0,4563.0,1187.0,2475.0,1019.0,2.1189,121700.0
185,-118.28,34.02,29.0,515.0,229.0,2690.0,217.0,0.4999,500001.0
186,-117.3,33.06,31.0,2128.0,520.0,1049.0,485.0,4.027,290000.0
187,-118.2,34.04,18.0,796.0,227.0,547.0,218.0,1.0333,135400.0
188,-117.63,34.11,30.0,2674.0,428.0,1404.0,456.0,4.2969,165600.0
189,-121.94,37.33,37.0,818.0,269.0,576.0,261.0,2.1902,250000.0
190,-118.07,33.93,5.0,906.0,187.0,1453.0,158.0,4.125,171900.0
191,-117.19,32.83,30.0,3225.0,555.0,1601.0,532.0,4.3317,173300.0
192,-118.21,33.89,42.0,1739.0,370.0,1104.0,297.0,2.2125,120700.0
193,-118.41,34.19,39.0,1169.0,242.0,612.0,247.0,4.1429,200000.0
194,-117.0,32.8,29.0,2045.0,398.0,912.0,368.0,3.0189,144100.0
195,-116.92,32.86,11.0,2204.0,518.0,1472.0,497.0,2.3693,127000.0
196,-121.04,38.95,22.0,1931.0,445.0,1009.0,407.0,2.75,153200.0
197,-122.12,37.45,38.0,1276.0,314.0,955.0,287.0,2.0096,155700.0
198,-119.48,36.54,28.0,2112.0,363.0,1011.0,335.0,4.2222,108900.0
199,-121.02,37.68,25.0,3262.0,588.0,1834.0,578.0,3.996,114500.0
200,-123.28,40.77,25.0,767.0,206.0,301.0,121.0,1.625,79200.0
201,-122.89,39.11,10.0,1588.0,333.0,585.0,254.0,2.2551,71100.0
202,-122.04,37.97,21.0,6445.0,1839.0,3621.0,1735.0,2.5841,112500.0
203,-118.08,33.81,21.0,1189.0,281.0,577.0,264.0,3.3155,237500.0
204,-118.31,34.09,36.0,787.0,420.0,1506.0,360.0,1.2412,216700.0
205,-122.16,37.75,35.0,667.0,140.0,406.0,133.0,3.8047,94300.0
206,-121.61,38.38,37.0,1365.0,276.0,952.0,268.0,4.037,156900.0
207,-122.1,37.68,31.0,1892.0,428.0,1162.0,389.0,3.125,167100.0
208,-122.28,37.87,49.0,2026.0,548.0,963.0,521.0,1.9805,173700.0
209,-116.91,34.24,23.0,6379.0,1636.0,1350.0,568.0,1.6336,124500.0
210,-121.83,37.28,33.0,1115.0,250.0,1168.0,261.0,3.9009,178600.0
211,-118.3,33.81,17.0,5544.0,1068.0,3008.0,1038.0,5.322,282700.0
212,-117.96,33.7,23.0,4417.0,740.0,1865.0,693.0,5.3428,279300.0
213,-122.14,40.07,31.0,2053.0,465.0,1193.0,447.0,1.4923,44400.0
214,-121.44,38.73,25.0,1287.0,224.0,727.0,236.0,4.7396,135500.0
215,-122.26,37.55,17.0,4576.0,814.0,1941.0,807.0,5.9572,443800.0
216,-121.64,37.14,14.0,5487.0,1024.0,2823.0,979.0,4.175,229800.0
217,-117.18,34.48,8.0,3561.0,691.0,2156.0,659.0,2.7778,86900.0
218,-122.28,38.34,44.0,1066.0,190.0,416.0,174.0,3.6389,304000.0
219,-117.9,33.6,25.0,2465.0,585.0,906.0,472.0,3.6538,500001.0
220,-122.18,37.78,33.0,142.0,31.0,575.0,47.0,3.875,225000.0
221,-121.49,38.51,30.0,3166.0,607.0,1857.0,579.0,3.1768,79500.0
222,-118.19,33.91,43.0,1531.0,357.0,1509.0,376.0,2.6354,128100.0
223,-118.27,34.1,50.0,2113.0,398.0,793.0,418.0,4.7132,304600.0
224,-121.44,38.61,34.0,172.0,38.0,149.0,55.0,2.6442,55000.0
225,-121.91,37.43,33.0,2791.0,496.0,1714.0,485.0,4.8304,224900.0
226,-117.86,33.72,31.0,1194.0,297.0,1602.0,306.0,2.3333,157700.0
227,-118.35,33.92,29.0,736.0,232.0,584.0,231.0,3.6167,200000.0
228,-117.26,33.84,12.0,1159.0,209.0,523.0,159.0,2.7232,123200.0
229,-122.43,37.73,52.0,3602.0,738.0,2270.0,647.0,3.8934,251800.0
230,-121.8,37.99,16.0,3077.0,465.0,1575.0,446.0,5.5,179500.0
231,-122.58,38.46,15.0,2936.0,517.0,1182.0,501.0,3.3981,246900.0
232,-122.47,37.78,52.0,2042.0,378.0,1153.0,408.0,4.1856,404700.0
233,-118.08,34.0,32.0,1165.0,358.0,997.0,361.0,0.9817,166300.0
234,-122.0,37.35,20.0,4304.0,851.0,2059.0,835.0,5.1674,333000.0
235,-119.02,35.41,21.0,2534.0,554.0,1297.0,517.0,2.0575,67000.0
236,-118.13,34.18,52.0,1464.0,211.0,603.0,226.0,5.8309,309100.0
237,-121.94,37.27,23.0,1932.0,552.0,997.0,482.0,3.662,211900.0
238,-120.51,35.91,39.0,768.0,162.0,264.0,118.0,5.3245,250000.0
239,-121.65,38.03,28.0,3144.0,694.0,1095.0,482.0,3.4402,192400.0
240,-121.62,39.79,11.0,3835.0,727.0,1456.0,658.0,2.5374,97200.0
241,-117.08,32.82,16.0,1787.0,236.0,770.0,228.0,7.1298,278600.0
242,-123.21,39.14,15.0,2235.0,545.0,1376.0,516.0,1.9032,100000.0
243,-119.61,36.33,32.0,1492.0,284.0,926.0,264.0,3.0139,61500.0
244,-114.98,33.07,18.0,1183.0,363.0,374.0,127.0,3.1607,57500.0
245,-118.38,34.04,36.0,3005.0,771.0,2054.0,758.0,2.0437,309100.0
246,-117.99,33.7,13.0,4013.0,903.0,1999.0,859.0,4.625,248800.0
247,-116.26,33.72,10.0,9404.0,1827.0,3208.0,1283.0,3.1086,105800.0
248,-118.4,34.0,10.0,1526.0,339.0,705.0,268.0,5.8083,321800.0
249,-120.64,35.46,6.0,5876.0,1406.0,2877.0,1304.0,2.5437,146400.0
250,-122.03,37.39,22.0,3280.0,933.0,1842.0,795.0,4.4107,232700.0
251,-118.29,33.88,36.0,1751.0,438.0,1175.0,419.0,3.0739,218600.0
252,-117.02,32.69,7.0,6055.0,1004.0,3031.0,952.0,4.436,135000.0
253,-119.32,36.3,15.0,2864.0,571.0,1480.0,475.0,2.9698,93400.0
254,-122.31,38.01,18.0,4123.0,874.0,1895.0,772.0,3.2759,195000.0
255,-118.86,34.19,27.0,1931.0,261.0,736.0,244.0,6.7805,392900.0
256,-117.14,33.81,13.0,4496.0,756.0,2044.0,695.0,3.2778,148800.0
257,-118.64,34.22,25.0,2762.0,410.0,1166.0,439.0,6.8643,333700.0
258,-116.63,33.89,22.0,1540.0,364.0,610.0,268.0,1.5227,71000.0
259,-118.28,34.11,45.0,1607.0,331.0,633.0,332.0,3.1445,438300.0
260,-119.03,35.38,52.0,1695.0,290.0,540.0,260.0,2.7312,147100.0
261,-118.26,33.88,36.0,1212.0,222.0,775.0,224.0,5.5591,136500.0
262,-117.89,33.85,18.0,2036.0,414.0,1292.0,380.0,3.875,273000.0
263,-122.09,37.38,36.0,2587.0,416.0,1055.0,410.0,6.1995,407200.0
264,-122.94,39.1,18.0,681.0,120.0,272.0,105.0,2.8906,140600.0
265,-117.1,32.68,42.0,2013.0,568.0,1920.0,557.0,2.0724,107600.0
266,-118.98,35.41,36.0,1482.0,266.0,640.0,274.0,3.875,94500.0
267,-120.23,37.96,52.0,1230.0,262.0,609.0,243.0,2.0057,68200.0
268,-118.2,33.94,43.0,1934.0,511.0,1895.0,493.0,2.5029,159700.0
269,-121.3,37.95,9.0,674.0,242.0,575.0,193.0,2.2024,45000.0
270,-121.74,38.55,33.0,6861.0,1820.0,3717.0,1767.0,1.7311,182600.0
271,-121.96,37.33,35.0,2294.0,411.0,1054.0,449.0,4.0667,276900.0
272,-120.6,37.36,27.0,2521.0,484.0,1307.0,456.0,3.0911,86900.0
273,-122.47,37.7,44.0,2034.0,423.0,1491.0,373.0,4.5341,236500.0
274,-117.05,32.58,23.0,1918.0,339.0,1392.0,340.0,4.087,134800.0
275,-117.9,33.87,34.0,1411.0,292.0,1040.0,299.0,3.4338,195200.0
276,-117.23,32.87,15.0,2290.0,662.0,1034.0,594.0,3.0104,204200.0
277,-122.08,37.88,24.0,2059.0,462.0,410.0,294.0,2.3971,99400.0
278,-118.21,33.8,45.0,1160.0,274.0,1095.0,269.0,2.7308,139000.0
279,-122.08,37.64,30.0,5267.0,1253.0,4065.0,1113.0,3.3479,182100.0
280,-118.38,34.14,40.0,1965.0,354.0,666.0,357.0,6.0876,483800.0
281,-118.2,33.8,45.0,2456.0,495.0,1300.0,450.0,3.9792,210200.0
282,-117.62,33.43,27.0,3858.0,1062.0,2321.0,873.0,3.3155,231000.0
283,-122.11,37.4,31.0,2836.0,490.0,1138.0,481.0,4.9519,500001.0
284,-122.84,38.98,21.0,939.0,176.0,556.0,178.0,1.7196,75000.0
285,-121.26,38.27,20.0,1314.0,229.0,712.0,219.0,4.4125,144600.0
286,-116.89,33.73,15.0,2094.0,316.0,937.0,277.0,5.3623,201300.0
287,-122.67,38.44,32.0,3771.0,741.0,1786.0,721.0,3.2415,172200.0
288,-117.94,33.87,46.0,2066.0,450.0,1275.0,448.0,3.9375,187000.0
289,-118.14,34.69,34.0,1439.0,327.0,708.0,298.0,3.2699,100000.0
290,-122.4,37.59,22.0,2754.0,477.0,1163.0,479.0,6.2306,500001.0
291,-118.08,33.84,28.0,4216.0,948.0,2997.0,896.0,3.7961,162700.0
292,-116.36,33.78,6.0,24121.0,4522.0,4176.0,2221.0,3.3799,239300.0
293,-117.94,33.85,26.0,1888.0,429.0,1550.0,458.0,3.3393,168600.0
294,-117.47,33.94,34.0,559.0,139.0,532.0,137.0,3.0687,88500.0
295,-117.64,33.65,4.0,6842.0,1512.0,3256.0,1439.0,5.4132,216600.0
296,-118.5,34.24,34.0,2634.0,412.0,1114.0,423.0,5.9401,315300.0
297,-118.19,33.78,24.0,225.0,72.0,439.0,71.0,2.8533,137500.0
298,-117.66,34.12,16.0,3853.0,541.0,1726.0,497.0,6.1195,251100.0
299,-122.3,37.97,34.0,2854.0,528.0,1211.0,452.0,3.5353,164700.0
300,-122.14,37.68,31.0,3184.0,716.0,1561.0,628.0,2.7955,183100.0
301,-118.26,33.94,41.0,1510.0,410.0,1408.0,389.0,1.65,94200.0
302,-118.23,33.93,39.0,2065.0,532.0,2015.0,535.0,0.8478,104900.0
303,-120.96,38.66,11.0,2339.0,436.0,1062.0,380.0,3.9036,180800.0
304,-117.84,35.35,28.0,1913.0,486.0,858.0,371.0,1.9962,50800.0
305,-119.16,34.2,35.0,2183.0,636.0,3504.0,623.0,1.9704,160300.0
306,-122.65,38.23,52.0,1735.0,347.0,712.0,343.0,3.1711,200800.0
307,-121.88,37.37,14.0,6016.0,1404.0,3258.0,1316.0,3.5745,333700.0
308,-118.4,34.04,43.0,3863.0,537.0,1398.0,511.0,8.5938,500001.0
309,-118.27,34.11,36.0,1832.0,539.0,934.0,486.0,3.0521,276600.0
310,-118.44,34.3,38.0,1595.0,314.0,1181.0,327.0,3.4,155500.0
311,-121.77,37.68,41.0,1501.0,299.0,629.0,288.0,4.6806,209400.0
312,-119.99,38.88,17.0,2807.0,529.0,675.0,251.0,2.7457,107800.0
313,-118.36,33.96,26.0,3543.0,1055.0,2742.0,951.0,2.5504,151300.0
314,-118.32,33.97,52.0,1778.0,320.0,795.0,279.0,3.5114,138800.0
315,-118.27,34.27,27.0,5205.0,859.0,2363.0,888.0,6.1946,276100.0
316,-116.81,33.9,17.0,2009.0,469.0,820.0,381.0,1.3286,81800.0
317,-118.39,33.96,45.0,1436.0,374.0,662.0,292.0,3.625,329400.0
318,-118.07,33.91,29.0,2387.0,570.0,1978.0,548.0,3.1957,159200.0
319,-118.35,34.22,30.0,1260.0,222.0,638.0,229.0,4.1302,258300.0
320,-118.43,34.02,41.0,2403.0,516.0,1001.0,514.0,4.3906,500001.0
321,-121.73,37.68,17.0,20354.0,3493.0,8768.0,3293.0,5.4496,238900.0
322,-117.31,32.98,17.0,2789.0,648.0,849.0,345.0,4.1012,244700.0
323,-122.29,37.56,12.0,6474.0,1467.0,2516.0,1390.0,5.0353,305800.0
324,-119.69,34.38,39.0,1383.0,459.0,677.0,362.0,2.25,281300.0
325,-122.07,38.0,37.0,978.0,202.0,462.0,184.0,3.625,156300.0
326,-118.05,34.16,41.0,3320.0,713.0,1236.0,659.0,3.5694,278600.0
327,-122.07,37.66,28.0,2280.0,610.0,1255.0,587.0,2.6719,161200.0
328,-121.8,37.27,10.0,3301.0,593.0,2190.0,575.0,6.223,260700.0
329,-122.69,38.34,23.0,2846.0,516.0,1526.0,492.0,3.733,163500.0
330,-117.08,32.7,35.0,1477.0,264.0,852.0,279.0,3.1786,100600.0
331,-119.76,36.73,46.0,1347.0,282.0,854.0,267.0,1.8723,52600.0
332,-118.37,34.05,52.0,1563.0,306.0,776.0,308.0,3.625,440900.0
333,-122.7,38.35,14.0,1555.0,369.0,493.0,335.0,1.6033,67500.0
334,-118.13,34.01,45.0,1179.0,268.0,736.0,252.0,2.7083,161800.0
335,-119.35,36.21,26.0,2481.0,586.0,1445.0,498.0,1.6378,60300.0
336,-117.67,34.03,20.0,8561.0,1411.0,4861.0,1450.0,4.7056,165500.0
337,-117.97,34.15,33.0,2474.0,472.0,1268.0,437.0,6.4576,500001.0
338,-118.08,34.08,38.0,1889.0,407.0,1330.0,396.0,3.9219,205200.0
339,-121.23,38.78,13.0,3813.0,871.0,1513.0,783.0,2.0807,142600.0
340,-118.2,34.02,49.0,1098.0,317.0,1411.0,301.0,2.75,146000.0
341,-118.17,34.02,41.0,676.0,216.0,851.0,199.0,2.3077,140600.0
342,-117.8,34.06,34.0,1081.0,205.0,1325.0,252.0,3.6298,108500.0
343,-118.3,33.97,46.0,1425.0,317.0,1140.0,304.0,3.375,98500.0
344,-122.47,37.69,30.0,837.0,213.0,606.0,199.0,4.875,258800.0
345,-118.2,33.96,44.0,2144.0,477.0,1760.0,452.0,2.3221,161600.0
346,-117.13,32.91,16.0,2715.0,581.0,1619.0,584.0,4.0,154700.0
347,-119.77,36.81,25.0,1565.0,271.0,661.0,275.0,3.4279,84700.0
348,-118.47,34.25,21.0,2692.0,477.0,1330.0,456.0,4.5417,238900.0
349,-122.25,37.8,42.0,4120.0,1065.0,1715.0,1015.0,2.9345,225000.0
350,-118.5,34.17,37.0,880.0,154.0,369.0,155.0,4.1429,303600.0
351,-122.24,37.49,38.0,4105.0,950.0,2561.0,909.0,3.8684,265600.0
352,-117.15,32.93,16.0,2718.0,438.0,1515.0,431.0,5.1433,185300.0
353,-120.85,37.77,35.0,404.0,96.0,261.0,100.0,2.4583,75000.0
354,-122.25,37.83,35.0,1613.0,428.0,675.0,422.0,3.4722,243100.0
355,-118.33,33.77,33.0,4244.0,595.0,1534.0,557.0,9.8214,500001.0
356,-124.15,40.78,41.0,2127.0,358.0,911.0,349.0,3.1711,104200.0
357,-117.94,33.79,24.0,4179.0,784.0,1902.0,733.0,4.7986,236500.0
358,-121.59,39.15,5.0,1922.0,489.0,938.0,439.0,2.0474,61300.0
359,-122.69,38.44,31.0,1808.0,315.0,691.0,280.0,3.8583,193200.0
360,-122.51,38.76,9.0,2589.0,482.0,1050.0,374.0,4.0435,132600.0
361,-117.89,33.61,45.0,1883.0,419.0,653.0,328.0,4.2222,500001.0
362,-117.19,32.77,9.0,634.0,152.0,248.0,133.0,3.8571,143800.0
363,-117.15,32.75,40.0,2261.0,579.0,903.0,525.0,2.465,198700.0
364,-122.21,37.48,20.0,505.0,216.0,326.0,216.0,2.9286,237500.0
365,-118.25,33.79,38.0,1730.0,460.0,1724.0,424.0,2.7308,150400.0
366,-120.49,40.31,16.0,1821.0,360.0,969.0,359.0,3.4643,85100.0
367,-118.3,33.74,20.0,2625.0,673.0,1184.0,606.0,3.9167,285200.0
368,-117.14,32.7,47.0,552.0,161.0,593.0,174.0,0.9589,90000.0
369,-121.3,37.97,52.0,2259.0,417.0,766.0,385.0,2.2981,105400.0
370,-119.78,36.75,31.0,1404.0,379.0,1515.0,387.0,1.2813,56400.0
371,-118.38,34.18,32.0,3553.0,1060.0,3129.0,1010.0,2.5603,174200.0
372,-118.13,34.1,24.0,4670.0,1185.0,2478.0,1107.0,3.1975,252400.0
373,-118.3,33.73,42.0,1731.0,435.0,866.0,403.0,2.7451,255400.0
374,-118.44,33.99,44.0,305.0,72.0,156.0,70.0,5.9641,275000.0
375,-117.48,34.08,17.0,1834.0,390.0,1253.0,357.0,3.1028,106400.0
376,-122.35,37.97,31.0,2892.0,685.0,2104.0,641.0,3.2188,113800.0
377,-119.71,34.41,31.0,1034.0,319.0,997.0,308.0,2.6538,231800.0
378,-116.92,32.81,23.0,2668.0,528.0,1510.0,524.0,3.3669,158900.0
379,-122.11,37.66,35.0,2843.0,652.0,1726.0,643.0,3.09,174100.0
380,-117.41,33.94,29.0,3181.0,714.0,1603.0,706.0,3.25,112500.0
381,-122.45,37.74,38.0,5688.0,930.0,2263.0,908.0,6.203,346800.0
382,-118.36,33.8,38.0,2553.0,400.0,1042.0,393.0,6.9742,500001.0
383,-121.66,36.68,10.0,913.0,265.0,508.0,251.0,0.9914,147500.0
384,-122.42,37.76,52.0,2038.0,629.0,2007.0,596.0,2.5701,266700.0
385,-118.29,34.05,30.0,1417.0,589.0,1615.0,540.0,1.3867,193800.0
386,-119.82,34.43,15.0,1482.0,345.0,669.0,379.0,3.0773,112500.0
387,-119.34,36.22,38.0,2708.0,460.0,1260.0,455.0,3.0905,78200.0
388,-121.5,38.61,5.0,1395.0,373.0,638.0,322.0,2.6745,225000.0
389,-121.88,37.46,5.0,1819.0,245.0,802.0,228.0,10.9722,500001.0
390,-118.27,33.94,34.0,721.0,165.0,661.0,171.0,2.0789,92400.0
391,-122.17,37.73,46.0,2163.0,470.0,925.0,435.0,3.25,177500.0
392,-122.22,37.85,28.0,5287.0,1048.0,2031.0,956.0,5.457,337300.0
393,-117.2,32.83,36.0,1089.0,240.0,623.0,226.0,2.5909,176000.0
394,-120.69,35.49,16.0,2666.0,450.0,1203.0,429.0,4.1375,222400.0
395,-122.7,38.97,17.0,2554.0,540.0,723.0,319.0,3.2375,114200.0
396,-118.37,34.15,29.0,2630.0,617.0,1071.0,573.0,3.3669,376100.0
397,-118.35,34.0,40.0,2894.0,395.0,1063.0,409.0,6.939,372000.0
398,-118.39,37.36,38.0,1813.0,410.0,902.0,396.0,2.3261,98400.0
399,-118.11,34.2,36.0,4915.0,725.0,1897.0,700.0,6.827,359400.0
400,-121.72,36.81,18.0,1984.0,379.0,1078.0,359.0,3.2969,229900.0
401,-118.52,34.16,39.0,2693.0,478.0,1219.0,435.0,5.17,335400.0
402,-118.12,33.9,35.0,3478.0,730.0,1885.0,673.0,2.9375,206500.0
403,-119.69,36.79,5.0,2613.0,476.0,1490.0,481.0,4.0993,83000.0
404,-118.03,33.78,26.0,2001.0,302.0,836.0,298.0,5.1061,257500.0
405,-120.67,35.62,6.0,12779.0,2441.0,6085.0,2157.0,3.8661,168100.0
406,-118.43,34.03,36.0,1552.0,388.0,867.0,352.0,3.6467,346700.0
407,-121.62,39.13,41.0,1147.0,243.0,583.0,239.0,2.2431,63400.0
408,-118.97,37.64,13.0,1907.0,544.0,575.0,234.0,3.0685,162500.0
409,-117.25,32.74,36.0,3548.0,956.0,1648.0,866.0,2.6962,288200.0
410,-122.28,37.8,52.0,215.0,87.0,904.0,88.0,0.8668,137500.0
411,-118.19,34.14,38.0,1826.0,300.0,793.0,297.0,5.2962,291500.0
412,-117.9,33.85,32.0,1605.0,314.0,986.0,306.0,3.3375,186200.0
413,-119.02,37.64,14.0,5919.0,1278.0,265.0,112.0,3.2431,221400.0
414,-118.37,34.2,34.0,2199.0,609.0,2488.0,597.0,2.9861,171800.0
415,-122.41,37.75,52.0,1057.0,276.0,837.0,292.0,2.4531,229000.0
416,-117.94,33.92,28.0,639.0,179.0,1062.0,169.0,3.0588,145200.0
417,-118.22,34.12,28.0,3306.0,1025.0,2670.0,942.0,3.0919,185400.0
418,-117.24,34.04,4.0,4289.0,682.0,1981.0,705.0,5.3366,165100.0
419,-122.08,37.66,33.0,1547.0,372.0,1063.0,356.0,2.5625,154300.0
420,-122.28,37.85,48.0,2063.0,484.0,1054.0,466.0,2.2625,132900.0
421,-118.21,33.9,35.0,2420.0,579.0,2010.0,540.0,2.0817,104600.0
422,-118.01,33.92,35.0,1606.0,289.0,829.0,273.0,5.273,187600.0
423,-118.29,34.18,10.0,4292.0,1075.0,2719.0,987.0,3.6974,286600.0
424,-118.21,33.96,48.0,284.0,104.0,422.0,119.0,1.2826,145500.0
425,-117.23,32.81,28.0,1508.0,263.0,996.0,267.0,3.8026,270000.0
426,-117.03,33.13,15.0,7000.0,1185.0,3555.0,1118.0,4.7022,172800.0
427,-121.85,37.22,21.0,6203.0,798.0,2494.0,800.0,7.7201,362700.0
428,-122.4,37.72,47.0,1465.0,306.0,1119.0,315.0,4.2672,219400.0
429,-120.47,34.98,6.0,5762.0,1115.0,2551.0,919.0,3.0723,137300.0
430,-121.14,37.48,6.0,1772.0,332.0,1011.0,331.0,3.7045,128100.0
431,-119.34,36.62,26.0,1922.0,339.0,1148.0,332.0,2.6058,92200.0
432,-117.66,34.08,36.0,1485.0,236.0,623.0,261.0,3.3036,141000.0
433,-116.84,33.08,15.0,2755.0,519.0,1474.0,460.0,4.0408,225900.0
434,-118.29,34.05,11.0,677.0,370.0,1143.0,341.0,2.3864,350000.0
435,-119.98,38.94,23.0,1564.0,298.0,339.0,147.0,4.0417,99300.0
436,-118.1,33.91,35.0,1653.0,325.0,1072.0,301.0,3.2708,159700.0
437,-120.07,36.96,42.0,963.0,216.0,471.0,211.0,2.2898,66100.0
438,-119.11,35.39,22.0,984.0,176.0,451.0,170.0,3.25,88900.0
439,-117.72,34.1,46.0,2477.0,458.0,1034.0,455.0,5.5,289700.0
440,-117.9,33.65,30.0,2196.0,486.0,1131.0,460.0,4.4135,272300.0
441,-121.98,37.29,31.0,2750.0,664.0,1459.0,660.0,3.2287,264900.0
442,-122.03,36.96,32.0,2182.0,406.0,1122.0,370.0,3.52,284200.0
443,-117.42,34.08,21.0,4460.0,930.0,2657.0,839.0,2.7569,127500.0
444,-117.66,34.11,19.0,3445.0,661.0,1635.0,580.0,5.0681,230500.0
445,-119.29,34.24,27.0,4742.0,775.0,1682.0,696.0,6.194,500001.0
446,-117.02,32.71,20.0,4050.0,745.0,2870.0,761.0,3.7366,121800.0
447,-122.85,38.62,16.0,4418.0,704.0,1908.0,697.0,4.5913,244600.0
448,-118.33,33.91,35.0,1092.0,302.0,962.0,297.0,3.5903,183300.0
449,-118.4,34.02,40.0,593.0,137.0,371.0,132.0,4.6932,332800.0
450,-118.38,33.84,26.0,2869.0,567.0,1157.0,538.0,6.0382,355300.0
451,-118.05,34.11,42.0,3677.0,627.0,1779.0,622.0,5.1509,426500.0
452,-117.43,33.93,36.0,2386.0,396.0,1176.0,374.0,4.5122,113300.0
453,-118.1,34.16,44.0,2795.0,496.0,1235.0,469.0,4.2386,283700.0
454,-122.53,37.86,38.0,1183.0,196.0,628.0,205.0,3.75,478600.0
455,-118.3,33.97,42.0,944.0,200.0,567.0,190.0,2.6311,124100.0
456,-118.2,33.89,37.0,2394.0,568.0,2499.0,551.0,2.5321,105100.0
457,-118.02,34.15,44.0,2419.0,437.0,1045.0,432.0,3.875,280800.0
458,-121.53,39.52,30.0,1030.0,161.0,448.0,159.0,2.4821,73800.0
459,-117.92,33.9,13.0,1814.0,320.0,1010.0,313.0,6.3489,337900.0
460,-118.37,34.21,33.0,2034.0,470.0,1990.0,423.0,3.7455,159600.0
461,-118.04,33.85,18.0,3628.0,546.0,1922.0,544.0,7.5057,328500.0
462,-118.46,33.98,19.0,2520.0,726.0,964.0,663.0,3.8068,500001.0
463,-118.05,33.9,36.0,1047.0,227.0,975.0,239.0,3.1897,155000.0
464,-122.95,40.71,26.0,2231.0,421.0,987.0,364.0,2.4792,88800.0
465,-122.0,37.3,28.0,5096.0,1011.0,2588.0,954.0,5.357,355200.0
466,-121.86,37.4,21.0,1386.0,260.0,946.0,257.0,6.5226,258500.0
467,-119.25,36.56,35.0,1675.0,373.0,1131.0,316.0,1.6722,59100.0
468,-118.21,34.56,12.0,2472.0,408.0,1048.0,380.0,4.7097,262100.0
469,-118.26,34.02,39.0,698.0,232.0,1046.0,228.0,2.2356,119500.0
470,-117.28,34.15,32.0,2170.0,430.0,815.0,401.0,3.1765,135000.0
471,-122.44,37.66,21.0,5108.0,1510.0,3288.0,1405.0,3.1927,252600.0
472,-118.99,35.39,36.0,1438.0,348.0,1054.0,341.0,1.8319,55400.0
473,-117.14,34.06,15.0,3057.0,510.0,1154.0,460.0,3.9741,141100.0
474,-122.15,37.41,15.0,2577.0,360.0,979.0,364.0,10.476,500001.0
475,-121.2,38.67,26.0,1546.0,287.0,773.0,299.0,2.9803,115400.0
476,-122.15,37.47,37.0,1844.0,382.0,1634.0,417.0,2.7993,145500.0
477,-118.34,33.95,25.0,3762.0,1281.0,4015.0,1178.0,2.1587,143800.0
478,-118.25,34.08,44.0,1425.0,438.0,1121.0,374.0,2.1108,200000.0
479,-119.58,36.1,21.0,1382.0,327.0,1469.0,355.0,1.3967,46500.0
480,-121.31,38.71,18.0,3998.0,744.0,2071.0,660.0,4.3836,102000.0
481,-118.42,34.12,27.0,2089.0,303.0,654.0,270.0,12.3767,500001.0
482,-117.18,34.06,52.0,954.0,233.0,533.0,239.0,1.3021,100000.0
483,-115.9,32.69,18.0,414.0,86.0,98.0,54.0,1.5417,57500.0
484,-118.36,33.98,46.0,1425.0,283.0,782.0,273.0,5.057,246300.0
485,-122.5,37.6,35.0,2197.0,369.0,971.0,326.0,4.25,241700.0
486,-121.5,36.81,20.0,1345.0,230.0,731.0,217.0,4.2333,363300.0
487,-118.19,33.82,11.0,872.0,203.0,422.0,221.0,4.6364,156300.0
488,-117.3,34.15,40.0,961.0,199.0,509.0,182.0,2.06,85500.0
489,-118.42,34.23,34.0,1531.0,278.0,1064.0,274.0,5.6687,207300.0
490,-118.12,33.9,38.0,1222.0,282.0,756.0,256.0,4.125,173900.0
491,-119.8,36.79,45.0,1337.0,187.0,471.0,187.0,5.187,153800.0
492,-119.74,34.35,34.0,1664.0,292.0,705.0,257.0,5.0,329400.0
493,-121.97,37.97,26.0,1977.0,264.0,817.0,273.0,5.7512,240200.0
494,-117.07,34.05,14.0,5764.0,1006.0,1876.0,841.0,1.9694,173200.0
495,-122.29,37.82,2.0,158.0,43.0,94.0,57.0,2.5625,60000.0
496,-116.31,33.65,8.0,3079.0,558.0,1572.0,474.0,4.5938,102600.0
497,-118.27,34.01,43.0,1235.0,385.0,1745.0,372.0,2.0817,113300.0
498,-122.44,37.76,52.0,1968.0,472.0,784.0,430.0,3.3702,370000.0
499,-118.27,34.15,14.0,1744.0,536.0,1494.0,531.0,3.2171,230800.0
500,-118.41,34.03,36.0,3053.0,635.0,1234.0,577.0,5.1637,500001.0
501,-121.45,38.61,32.0,2436.0,612.0,1509.0,618.0,1.0424,81400.0
502,-117.25,32.83,17.0,2075.0,262.0,704.0,241.0,10.9529,500001.0
503,-119.8,36.82,24.0,5377.0,1005.0,2010.0,982.0,3.4542,121200.0
504,-121.31,38.01,22.0,2101.0,514.0,1304.0,511.0,2.8348,101600.0
505,-118.18,34.05,41.0,762.0,147.0,817.0,176.0,3.75,123100.0
506,-122.13,37.37,30.0,2139.0,260.0,742.0,242.0,11.806,500001.0
507,-119.75,36.78,28.0,3257.0,752.0,1981.0,712.0,2.293,71700.0
508,-117.09,32.74,42.0,1986.0,472.0,1472.0,475.0,2.1757,110100.0
509,-122.02,37.33,25.0,3823.0,584.0,1689.0,571.0,7.3693,373600.0
510,-117.2,32.84,34.0,3353.0,544.0,1583.0,571.0,4.55,187700.0
511,-118.14,34.01,46.0,1746.0,447.0,1296.0,392.0,2.3929,156800.0
512,-122.43,37.78,29.0,1310.0,364.0,1009.0,379.0,1.3844,177500.0
513,-118.1,34.01,29.0,2077.0,564.0,2087.0,543.0,2.66,189200.0
514,-118.35,34.1,20.0,2745.0,782.0,1161.0,739.0,3.9044,436400.0
515,-118.0,33.81,33.0,2970.0,547.0,1869.0,539.0,4.3636,201800.0
516,-121.46,38.56,52.0,1750.0,372.0,764.0,369.0,2.9191,111800.0
517,-118.27,33.87,21.0,6108.0,1130.0,3244.0,1113.0,4.2768,181400.0
518,-118.26,33.95,44.0,1771.0,378.0,1296.0,399.0,1.6389,96700.0
519,-119.01,35.38,52.0,114.0,26.0,158.0,26.0,1.075,67500.0
520,-117.08,32.8,32.0,1587.0,268.0,635.0,249.0,3.375,178100.0
521,-122.2,40.26,15.0,2102.0,358.0,957.0,371.0,3.1908,137900.0
522,-119.98,38.94,25.0,1339.0,328.0,503.0,219.0,1.9018,109700.0
523,-122.53,37.95,22.0,7446.0,1979.0,2980.0,1888.0,3.5838,271300.0
524,-118.3,34.05,51.0,1005.0,314.0,1227.0,306.0,2.4297,162500.0
525,-121.86,39.75,18.0,1651.0,309.0,856.0,293.0,3.5046,118300.0
526,-122.06,37.33,23.0,4507.0,751.0,2167.0,722.0,7.0102,500001.0
527,-122.45,38.01,36.0,4501.0,832.0,2196.0,800.0,4.3182,252700.0
528,-117.01,32.77,24.0,2311.0,536.0,1005.0,525.0,2.9,185200.0
529,-120.87,37.76,16.0,1174.0,249.0,601.0,242.0,1.7143,113300.0
530,-121.79,38.54,7.0,1777.0,513.0,4479.0,504.0,1.4653,310000.0
531,-117.81,33.82,22.0,2898.0,335.0,1057.0,324.0,10.8111,500001.0
532,-117.59,33.66,3.0,1206.0,256.0,563.0,287.0,5.1589,167800.0
533,-117.36,34.09,32.0,3616.0,631.0,2131.0,593.0,3.2879,95500.0
534,-121.52,39.5,33.0,1462.0,241.0,569.0,231.0,3.2833,82600.0
535,-122.27,37.84,52.0,1503.0,298.0,690.0,275.0,2.6033,162900.0
536,-122.21,40.2,19.0,3404.0,731.0,1421.0,683.0,2.6149,84400.0
537,-117.24,33.18,19.0,3337.0,565.0,1646.0,554.0,5.0195,200200.0
538,-122.55,37.98,31.0,3807.0,828.0,1581.0,795.0,3.293,337500.0
539,-118.45,34.0,46.0,1777.0,362.0,896.0,334.0,4.45,348300.0
540,-117.88,33.85,34.0,1127.0,185.0,588.0,181.0,4.375,224700.0
541,-117.18,32.76,52.0,2023.0,301.0,649.0,285.0,4.7396,441700.0
542,-118.3,33.88,29.0,850.0,229.0,563.0,204.0,3.7375,247700.0
543,-122.04,38.28,12.0,3861.0,795.0,2129.0,806.0,3.676,135000.0
544,-122.43,40.47,16.0,3552.0,704.0,1801.0,658.0,2.1496,97700.0
545,-118.38,33.86,24.0,3124.0,560.0,1312.0,542.0,6.3021,333800.0
546,-119.57,36.09,6.0,2015.0,413.0,992.0,319.0,2.3889,53200.0
547,-117.87,34.12,34.0,1004.0,220.0,772.0,217.0,3.8571,174500.0
548,-116.88,32.81,35.0,2926.0,562.0,1590.0,506.0,4.2014,143200.0
549,-118.58,34.21,13.0,6227.0,1317.0,3739.0,1226.0,4.0313,299300.0
550,-122.04,37.88,32.0,3250.0,550.0,1230.0,557.0,4.6424,312700.0
551,-122.44,37.72,52.0,1775.0,347.0,1102.0,367.0,4.3125,267200.0
552,-121.81,37.37,26.0,2987.0,539.0,1931.0,518.0,5.1099,213100.0
553,-122.5,37.77,52.0,2433.0,454.0,1070.0,420.0,4.125,359500.0
554,-121.94,37.94,26.0,1299.0,174.0,533.0,180.0,6.2296,291700.0
555,-118.45,34.12,20.0,10722.0,1617.0,3731.0,1511.0,9.7449,500001.0
556,-121.7,39.07,26.0,2668.0,510.0,1437.0,505.0,3.3125,100000.0
557,-118.1,34.65,33.0,873.0,177.0,425.0,142.0,2.67,187500.0
558,-119.02,36.06,41.0,2279.0,538.0,1908.0,511.0,1.3952,43100.0
559,-118.06,34.08,42.0,1988.0,402.0,1239.0,402.0,3.2569,201500.0
560,-117.66,33.61,17.0,3464.0,519.0,1713.0,530.0,6.0471,248400.0
561,-117.4,33.94,30.0,1198.0,251.0,1019.0,214.0,3.0509,82700.0
562,-118.19,33.83,30.0,2246.0,552.0,1032.0,548.0,3.5871,347100.0
563,-121.55,39.51,50.0,1050.0,288.0,485.0,260.0,1.1607,51700.0
564,-121.98,37.14,37.0,74.0,19.0,63.0,17.0,9.5908,350000.0
565,-117.06,32.61,24.0,4369.0,1353.0,3123.0,1247.0,2.0571,152300.0
566,-118.32,34.04,39.0,2965.0,812.0,2638.0,794.0,2.532,172700.0
567,-117.13,32.76,41.0,1545.0,420.0,747.0,415.0,2.375,154400.0
568,-122.5,37.76,46.0,2226.0,480.0,1272.0,468.0,4.2644,284100.0
569,-120.87,37.62,30.0,455.0,70.0,220.0,69.0,4.8958,142500.0
570,-118.24,34.22,41.0,2476.0,506.0,1271.0,485.0,3.4531,263900.0
571,-117.69,33.48,25.0,3240.0,481.0,1462.0,497.0,6.1815,288500.0
572,-122.2,39.75,18.0,2603.0,576.0,1616.0,588.0,2.0192,63700.0
573,-117.08,32.64,43.0,1005.0,230.0,548.0,252.0,1.8672,145800.0
574,-117.91,33.82,32.0,1408.0,307.0,1331.0,284.0,3.7014,179600.0
575,-122.0,38.73,31.0,371.0,74.0,208.0,84.0,3.875,137500.0
576,-118.29,33.84,33.0,896.0,208.0,843.0,200.0,3.5,183000.0
577,-118.13,33.86,45.0,1320.0,256.0,645.0,256.0,4.4,209500.0
578,-118.35,33.89,29.0,2940.0,708.0,2175.0,684.0,3.6486,229000.0
579,-122.13,40.01,21.0,916.0,194.0,451.0,178.0,2.125,63300.0
580,-122.07,37.96,37.0,1217.0,199.0,552.0,194.0,5.0445,196200.0
581,-117.26,32.85,30.0,3652.0,499.0,978.0,462.0,8.2374,500001.0
582,-117.87,33.74,16.0,1243.0,365.0,1925.0,376.0,2.7632,158900.0
583,-121.88,37.44,23.0,1310.0,267.0,910.0,261.0,5.3994,237900.0
584,-121.67,36.58,11.0,5892.0,837.0,2327.0,812.0,6.1551,291800.0
585,-116.89,33.79,12.0,701.0,130.0,434.0,110.0,2.0577,56700.0
586,-122.66,38.47,20.0,2806.0,477.0,1369.0,460.0,4.75,190500.0
587,-121.45,38.54,38.0,1865.0,384.0,1052.0,354.0,1.7891,60500.0
588,-121.0,37.66,43.0,2369.0,413.0,944.0,422.0,3.2632,138100.0
589,-117.27,32.84,34.0,1655.0,450.0,870.0,411.0,3.2109,376000.0
590,-117.87,34.11,23.0,4066.0,819.0,2105.0,737.0,4.6556,199600.0
591,-121.44,37.75,16.0,2229.0,458.0,1199.0,445.0,3.4821,170600.0
592,-118.13,33.76,44.0,2532.0,621.0,961.0,550.0,3.9352,406900.0
593,-118.31,34.26,41.0,1297.0,327.0,733.0,315.0,3.0583,160300.0
594,-122.0,38.37,18.0,1048.0,185.0,469.0,162.0,3.625,125000.0
595,-122.27,41.23,40.0,1958.0,386.0,725.0,331.0,2.1898,65500.0
596,-120.89,37.52,42.0,1200.0,221.0,647.0,192.0,2.5402,157500.0
597,-118.75,34.29,17.0,5512.0,765.0,2734.0,814.0,6.6073,258100.0
598,-118.18,34.02,36.0,1138.0,296.0,1484.0,320.0,2.2813,150700.0
599,-121.37,38.41,14.0,3727.0,685.0,1741.0,646.0,3.5625,125700.0
600,-120.31,37.29,36.0,969.0,206.0,732.0,175.0,1.5938,57600.0
601,-117.88,33.73,32.0,1947.0,355.0,1786.0,332.0,4.5726,177500.0
602,-117.33,33.98,52.0,1417.0,353.0,881.0,300.0,1.9531,162500.0
603,-118.49,34.03,30.0,4061.0,927.0,1487.0,865.0,4.1827,435100.0
604,-121.93,38.01,9.0,2294.0,389.0,1142.0,365.0,5.3363,160800.0
605,-122.45,37.7,46.0,2193.0,499.0,1814.0,489.0,4.0125,230100.0
606,-117.08,32.75,20.0,1886.0,586.0,1134.0,525.0,1.5029,100000.0
607,-116.19,33.69,11.0,5692.0,1346.0,5682.0,1273.0,2.5383,74000.0
608,-119.73,36.62,35.0,2080.0,365.0,1026.0,333.0,3.5781,92800.0
609,-117.12,32.59,28.0,2793.0,706.0,1825.0,676.0,2.6724,144500.0
610,-117.63,34.09,8.0,3557.0,890.0,2251.0,765.0,2.6818,114100.0
611,-118.26,34.07,40.0,680.0,273.0,995.0,249.0,2.2607,165600.0
612,-118.26,33.97,46.0,1521.0,352.0,1100.0,334.0,1.55,100600.0
613,-119.84,36.75,34.0,1186.0,300.0,774.0,271.0,1.575,57100.0
614,-121.28,38.67,29.0,1087.0,174.0,430.0,174.0,4.3625,158800.0
615,-117.35,34.11,34.0,2104.0,388.0,1578.0,365.0,3.0833,88400.0
616,-121.32,36.42,20.0,1054.0,269.0,1219.0,273.0,3.0437,76600.0
617,-118.35,34.02,34.0,3978.0,1073.0,2725.0,1035.0,1.7622,167900.0
618,-119.81,37.67,24.0,172.0,42.0,79.0,30.0,3.8333,93800.0
619,-118.15,34.05,33.0,3287.0,649.0,1783.0,653.0,3.8472,293300.0
620,-121.22,37.81,17.0,2879.0,542.0,1802.0,530.0,3.6378,126100.0
621,-119.72,34.43,30.0,2491.0,656.0,1091.0,576.0,2.5139,279500.0
622,-117.85,33.84,17.0,2830.0,502.0,1370.0,459.0,5.1785,247300.0
623,-117.2,32.79,31.0,3417.0,533.0,1245.0,532.0,4.7788,276000.0
624,-118.63,34.18,33.0,5252.0,760.0,2041.0,730.0,6.7977,389700.0
625,-117.49,33.64,3.0,8874.0,1302.0,3191.0,1027.0,6.8588,302000.0
626,-118.37,33.84,35.0,1792.0,322.0,978.0,326.0,4.9583,342800.0
627,-122.02,38.26,20.0,3899.0,763.0,2198.0,779.0,3.2061,120400.0
628,-121.33,38.66,17.0,2767.0,584.0,1275.0,568.0,2.5909,125400.0
629,-118.74,36.23,22.0,1033.0,232.0,442.0,136.0,2.6447,137500.0
630,-117.89,34.49,12.0,3449.0,598.0,1502.0,540.0,3.7043,150800.0
631,-117.41,33.96,24.0,4481.0,901.0,2398.0,823.0,3.864,123400.0
632,-118.75,34.42,28.0,1000.0,206.0,545.0,154.0,2.4167,191700.0
633,-122.48,37.74,52.0,2285.0,435.0,1211.0,442.0,4.0208,323100.0
634,-118.14,34.04,43.0,1949.0,464.0,1216.0,457.0,3.3214,209300.0
635,-122.56,37.9,36.0,1760.0,283.0,562.0,246.0,6.7546,402400.0
636,-122.09,37.39,43.0,2065.0,535.0,1029.0,500.0,3.7318,327700.0
637,-121.8,36.94,29.0,2377.0,476.0,1669.0,499.0,2.8214,190100.0
638,-117.83,33.83,13.0,3759.0,489.0,1496.0,499.0,8.3818,377600.0
639,-121.68,36.9,13.0,833.0,130.0,405.0,127.0,5.2729,322900.0
640,-122.3,37.88,52.0,409.0,97.0,208.0,98.0,1.6971,138800.0
641,-121.04,37.67,16.0,19.0,19.0,166.0,9.0,0.536,162500.0
642,-118.32,34.09,28.0,2173.0,819.0,2548.0,763.0,1.879,218800.0
643,-118.12,33.81,36.0,1774.0,299.0,784.0,298.0,5.0447,249200.0
644,-121.81,39.7,21.0,5051.0,1054.0,2948.0,980.0,1.5863,81300.0
645,-121.84,36.52,18.0,3165.0,533.0,1312.0,434.0,6.5234,357400.0
646,-121.79,37.33,18.0,3611.0,614.0,2381.0,642.0,5.6345,231000.0
647,-118.16,34.18,48.0,568.0,145.0,559.0,135.0,2.4135,135700.0
648,-119.4,36.59,37.0,1486.0,296.0,977.0,290.0,3.5074,93800.0
649,-122.27,37.8,39.0,1715.0,623.0,1327.0,467.0,1.8477,179200.0
650,-117.73,33.57,5.0,11976.0,2495.0,4327.0,2009.0,4.8488,194400.0
651,-121.28,37.92,30.0,1061.0,230.0,851.0,195.0,2.4412,61600.0
652,-119.81,36.77,43.0,2341.0,395.0,890.0,375.0,3.4265,85000.0
653,-122.26,37.85,50.0,1120.0,283.0,697.0,264.0,2.125,140000.0
654,-117.95,33.93,37.0,2633.0,630.0,1904.0,630.0,2.6123,161300.0
655,-120.12,38.12,37.0,3355.0,666.0,338.0,136.0,2.0625,88900.0
656,-121.88,37.35,52.0,1704.0,418.0,1336.0,411.0,2.8167,183500.0
657,-118.11,33.87,15.0,3254.0,598.0,1772.0,618.0,5.0417,240800.0
658,-122.08,37.69,42.0,1414.0,274.0,629.0,244.0,3.3478,184900.0
659,-121.68,39.15,14.0,2774.0,451.0,1292.0,428.0,4.3833,115200.0
660,-122.16,37.71,36.0,666.0,132.0,366.0,134.0,3.4643,175000.0
661,-118.07,34.09,35.0,1224.0,267.0,887.0,276.0,4.0987,202400.0
662,-117.69,33.65,16.0,5805.0,852.0,2356.0,795.0,6.1062,274600.0
663,-118.35,34.03,49.0,2334.0,530.0,1334.0,447.0,1.89,124000.0
664,-122.79,39.02,23.0,642.0,203.0,265.0,84.0,1.8833,96900.0
665,-118.14,33.89,33.0,2867.0,786.0,1774.0,705.0,2.9292,183400.0
666,-121.89,37.42,26.0,40.0,8.0,52.0,7.0,7.7197,225000.0
667,-122.41,37.76,52.0,492.0,139.0,316.0,168.0,3.0865,225000.0
668,-118.6,34.16,37.0,3441.0,584.0,1283.0,544.0,4.1656,313100.0
669,-118.41,34.02,24.0,2610.0,756.0,1322.0,692.0,3.5022,281300.0
670,-117.53,33.97,29.0,1430.0,273.0,872.0,283.0,4.0833,141000.0
671,-117.13,32.7,35.0,365.0,98.0,463.0,112.0,2.5588,78800.0
672,-117.14,32.9,16.0,3217.0,716.0,2054.0,687.0,4.2234,162100.0
673,-118.16,34.11,31.0,5715.0,1154.0,2639.0,1079.0,4.1661,364400.0
674,-117.18,32.7,42.0,1691.0,286.0,761.0,281.0,5.1386,404500.0
675,-117.97,33.72,24.0,2991.0,500.0,1437.0,453.0,5.4286,273400.0
676,-118.25,34.09,52.0,104.0,20.0,32.0,17.0,3.75,241700.0
677,-118.14,34.11,52.0,3367.0,545.0,1427.0,535.0,5.2292,444500.0
678,-120.01,34.54,30.0,2992.0,609.0,1288.0,465.0,3.9375,292900.0
679,-117.41,34.1,5.0,4937.0,1139.0,2204.0,812.0,2.5272,92000.0
680,-118.22,34.52,7.0,4524.0,735.0,2298.0,717.0,6.5538,311600.0
681,-117.91,33.87,29.0,1121.0,291.0,762.0,276.0,2.5,143800.0
682,-117.09,32.76,29.0,1650.0,496.0,882.0,445.0,2.2287,140000.0
683,-122.27,37.82,52.0,1630.0,456.0,1162.0,400.0,1.2475,104200.0
684,-118.2,34.06,46.0,321.0,101.0,401.0,86.0,2.1029,109400.0
685,-118.36,33.9,40.0,1271.0,276.0,725.0,234.0,5.0452,231900.0
686,-122.0,37.86,18.0,8953.0,1074.0,3011.0,993.0,10.7372,500001.0
687,-121.36,39.52,15.0,2490.0,527.0,1229.0,497.0,2.3917,85700.0
688,-122.0,38.28,3.0,7030.0,1191.0,3238.0,1055.0,4.962,161700.0
689,-117.7,33.68,29.0,5650.0,1084.0,3985.0,1056.0,2.8192,162500.0
690,-118.28,34.03,26.0,2107.0,809.0,2821.0,572.0,0.844,350000.0
691,-118.25,34.15,13.0,1107.0,479.0,616.0,443.0,0.8185,187500.0
692,-122.54,37.93,43.0,2998.0,470.0,970.0,430.0,5.5385,431800.0
693,-118.25,34.02,50.0,180.0,89.0,356.0,76.0,2.1944,158300.0
694,-122.06,36.98,15.0,3385.0,669.0,1571.0,615.0,4.2254,320900.0
695,-122.45,37.77,52.0,2339.0,548.0,1090.0,507.0,3.3679,350000.0
696,-118.04,33.85,23.0,3132.0,469.0,1646.0,478.0,5.777,315900.0
697,-118.12,34.15,19.0,557.0,216.0,673.0,212.0,2.1763,168800.0
698,-118.31,33.94,43.0,2104.0,393.0,1132.0,394.0,3.0682,142000.0
699,-118.44,34.16,33.0,1616.0,322.0,580.0,311.0,4.0391,337500.0
700,-118.46,34.17,24.0,2814.0,675.0,1463.0,620.0,4.1875,309300.0
701,-117.93,34.06,35.0,1022.0,183.0,628.0,187.0,3.9375,187500.0
702,-121.81,36.57,13.0,3030.0,413.0,1027.0,363.0,6.9615,500001.0
703,-118.42,34.0,33.0,1139.0,299.0,734.0,257.0,3.2708,325000.0
704,-118.33,34.01,44.0,1762.0,463.0,786.0,445.0,1.9231,188500.0
705,-118.24,33.93,19.0,325.0,74.0,354.0,87.0,2.75,90600.0
706,-116.94,32.81,22.0,4266.0,1010.0,2766.0,985.0,2.8175,135200.0
707,-122.6,38.24,16.0,2621.0,416.0,1247.0,386.0,4.8603,198400.0
708,-118.21,33.97,52.0,4220.0,908.0,3731.0,892.0,3.1901,167600.0
709,-118.73,34.27,25.0,3409.0,493.0,1699.0,484.0,5.653,225800.0
710,-122.12,37.37,37.0,1446.0,181.0,549.0,190.0,10.7355,500001.0
711,-122.42,40.44,16.0,994.0,185.0,495.0,181.0,2.1875,76400.0
712,-122.13,37.72,26.0,2862.0,394.0,1030.0,397.0,7.912,367300.0
713,-121.17,37.88,22.0,1283.0,256.0,3082.0,239.0,3.5365,111800.0
714,-122.43,37.72,48.0,1289.0,280.0,782.0,235.0,3.6719,259800.0
715,-118.22,33.91,27.0,500.0,159.0,732.0,162.0,2.7426,103100.0
716,-121.17,37.97,28.0,1374.0,248.0,769.0,229.0,3.6389,130400.0
717,-122.27,37.86,52.0,2307.0,583.0,1127.0,548.0,1.8447,198200.0
718,-119.19,36.14,41.0,759.0,140.0,408.0,129.0,3.9,85900.0
719,-122.41,37.6,31.0,4424.0,834.0,1915.0,817.0,4.1364,412000.0
720,-116.83,32.81,18.0,2367.0,402.0,1021.0,395.0,4.8125,210500.0
721,-119.34,36.33,17.0,2250.0,430.0,1218.0,468.0,4.1812,93700.0
722,-123.22,39.16,29.0,6121.0,1222.0,3595.0,1189.0,2.631,109600.0
723,-121.92,37.72,22.0,4638.0,716.0,2302.0,687.0,5.347,219500.0
724,-116.57,33.76,25.0,2616.0,547.0,581.0,343.0,3.1364,301600.0
725,-118.17,34.18,44.0,1401.0,246.0,607.0,271.0,2.8472,218800.0
726,-117.2,32.8,36.0,4018.0,1067.0,1620.0,842.0,2.3599,168400.0
727,-117.58,34.09,27.0,754.0,200.0,746.0,185.0,1.9531,100800.0
728,-118.24,33.96,34.0,1724.0,432.0,1876.0,416.0,2.1078,100600.0
729,-122.24,40.18,39.0,2191.0,493.0,1307.0,499.0,1.6483,60800.0
730,-119.69,36.82,15.0,3303.0,512.0,1687.0,505.0,4.81,93600.0
731,-121.69,36.62,19.0,1907.0,323.0,681.0,270.0,6.0332,244900.0
732,-119.28,36.35,7.0,3598.0,701.0,2080.0,678.0,3.1111,72400.0
733,-117.99,33.81,46.0,38.0,8.0,66.0,14.0,4.1667,162500.0
734,-117.65,35.0,36.0,1184.0,316.0,672.0,241.0,1.9107,39800.0
735,-118.15,34.02,43.0,2172.0,605.0,2386.0,597.0,2.8239,150600.0
736,-122.43,37.73,52.0,1583.0,347.0,935.0,341.0,4.6786,263200.0
737,-117.04,32.73,36.0,2084.0,400.0,1097.0,398.0,3.2717,130700.0
738,-118.08,34.14,45.0,2923.0,604.0,1903.0,560.0,3.1729,218700.0
739,-121.07,39.2,45.0,204.0,62.0,133.0,51.0,1.0,90600.0
740,-117.12,32.66,52.0,16.0,4.0,8.0,3.0,1.125,60000.0
741,-118.13,34.13,39.0,2099.0,397.0,1500.0,380.0,4.8304,493200.0
742,-122.22,37.88,20.0,95.0,13.0,31.0,15.0,2.4444,475000.0
743,-122.52,37.93,34.0,2782.0,502.0,1219.0,507.0,5.0779,333900.0
744,-122.09,37.63,36.0,1570.0,274.0,992.0,249.0,5.3644,168800.0
745,-117.97,33.82,26.0,4013.0,985.0,2442.0,922.0,3.7655,197700.0
746,-118.28,34.05,41.0,1075.0,597.0,2260.0,614.0,1.3,162500.0
747,-118.39,33.79,30.0,4402.0,563.0,1582.0,551.0,10.898,500001.0
748,-122.4,37.58,26.0,3281.0,531.0,1145.0,480.0,6.358,500001.0
749,-118.26,34.06,42.0,2541.0,1282.0,3974.0,1189.0,1.5854,87500.0
750,-122.16,37.48,36.0,2238.0,479.0,1949.0,457.0,2.3769,157300.0
751,-117.43,34.11,17.0,4109.0,884.0,2544.0,780.0,2.7757,109800.0
752,-118.28,33.93,42.0,1898.0,460.0,1503.0,429.0,2.5179,97400.0
753,-118.37,33.95,5.0,6955.0,2062.0,3591.0,1566.0,3.111,247600.0
754,-121.49,38.56,52.0,1777.0,368.0,624.0,350.0,3.6729,137800.0
755,-121.8,38.55,11.0,5121.0,899.0,2258.0,901.0,4.7168,223200.0
756,-122.19,39.92,20.0,2563.0,658.0,1363.0,611.0,1.023,54200.0
757,-118.01,33.84,29.0,3740.0,691.0,1724.0,638.0,3.9628,215600.0
758,-118.31,33.96,48.0,2015.0,356.0,1020.0,338.0,4.0625,138700.0
759,-121.06,39.22,52.0,1749.0,422.0,837.0,391.0,2.325,109700.0
760,-121.35,38.61,27.0,3900.0,776.0,1549.0,761.0,2.7788,115700.0
761,-118.31,33.99,48.0,2235.0,433.0,1363.0,433.0,1.6559,101400.0
762,-121.93,37.27,28.0,3428.0,753.0,1753.0,729.0,4.1033,281000.0
763,-117.31,33.17,7.0,2349.0,312.0,809.0,282.0,5.552,283900.0
764,-120.89,37.48,27.0,1118.0,195.0,647.0,209.0,2.9135,159400.0
765,-119.47,35.14,19.0,4190.0,690.0,1973.0,702.0,3.9929,88300.0
766,-118.41,34.18,35.0,1975.0,384.0,882.0,406.0,4.375,291700.0
767,-119.81,36.7,52.0,314.0,57.0,178.0,66.0,1.2404,52500.0
768,-117.08,33.16,11.0,6341.0,1030.0,2697.0,977.0,4.8554,206700.0
769,-119.27,35.87,12.0,972.0,269.0,1134.0,286.0,1.63,49500.0
770,-122.31,40.75,18.0,1411.0,330.0,494.0,227.0,1.4911,75800.0
771,-117.2,33.29,12.0,6358.0,1182.0,2778.0,1020.0,4.0357,295900.0
772,-118.43,34.26,43.0,729.0,172.0,935.0,174.0,2.9519,140900.0
773,-121.52,39.51,30.0,3085.0,610.0,1688.0,575.0,2.334,72200.0
774,-118.77,34.27,7.0,3074.0,794.0,1816.0,654.0,2.7137,196400.0
775,-124.1,40.95,17.0,1485.0,345.0,823.0,316.0,1.8993,78400.0
776,-117.15,32.8,27.0,1937.0,537.0,1211.0,482.0,2.75,87500.0
777,-118.37,34.16,11.0,2901.0,871.0,1659.0,789.0,3.1106,209400.0
778,-122.5,37.74,44.0,2792.0,615.0,1640.0,579.0,4.0625,272800.0
779,-120.92,39.56,48.0,1276.0,292.0,358.0,145.0,1.875,66600.0
780,-122.47,38.51,25.0,928.0,195.0,413.0,184.0,3.4904,196900.0
781,-117.89,33.61,41.0,1790.0,361.0,540.0,284.0,6.0247,500001.0
782,-121.35,38.4,11.0,2322.0,459.0,1373.0,424.0,3.175,94400.0
783,-117.92,34.12,32.0,2552.0,576.0,2161.0,548.0,2.9459,144400.0
784,-118.31,33.8,30.0,3096.0,757.0,2048.0,704.0,3.125,233300.0
785,-120.35,37.04,37.0,1495.0,292.0,858.0,275.0,2.9306,46300.0
786,-122.0,37.31,28.0,3811.0,585.0,1795.0,581.0,7.8383,372700.0
787,-118.01,33.95,37.0,1165.0,210.0,627.0,221.0,4.6923,181000.0
788,-118.07,34.09,40.0,1745.0,370.0,1293.0,357.0,2.5474,198100.0
789,-117.5,33.92,28.0,2101.0,337.0,1061.0,348.0,4.55,146800.0
790,-123.74,40.66,25.0,2395.0,431.0,983.0,375.0,3.0469,136000.0
791,-122.03,37.91,29.0,5438.0,871.0,2310.0,890.0,5.0362,275300.0
792,-118.91,34.22,15.0,5644.0,757.0,2659.0,783.0,6.7559,312000.0
793,-117.96,34.14,9.0,907.0,207.0,619.0,194.0,3.9464,179600.0
794,-121.8,38.01,46.0,2273.0,495.0,1088.0,447.0,2.2532,109400.0
795,-122.29,37.53,35.0,2043.0,511.0,1089.0,504.0,3.0278,310600.0
796,-122.14,37.67,34.0,3036.0,533.0,1366.0,500.0,4.2386,192300.0
797,-117.85,33.79,52.0,2102.0,403.0,898.0,365.0,3.6827,236800.0
798,-122.1,37.65,31.0,1797.0,327.0,796.0,319.0,4.4427,204500.0
799,-122.12,37.91,34.0,5683.0,755.0,1962.0,723.0,8.3678,455300.0
800,-119.29,36.32,27.0,1513.0,374.0,839.0,350.0,1.2012,64600.0
801,-117.4,34.01,25.0,1858.0,366.0,1311.0,331.0,2.7083,87800.0
802,-117.06,32.77,32.0,3888.0,827.0,3868.0,841.0,3.0755,166800.0
803,-118.3,34.25,44.0,1442.0,285.0,859.0,292.0,4.5833,197300.0
804,-122.23,40.15,14.0,2297.0,573.0,1637.0,551.0,1.787,51600.0
805,-117.91,33.82,32.0,2696.0,640.0,2330.0,626.0,2.9479,184600.0
806,-122.53,37.97,44.0,3595.0,953.0,1831.0,910.0,2.6036,287500.0
807,-121.79,37.0,28.0,2715.0,451.0,1154.0,386.0,4.8021,290400.0
808,-118.46,33.99,44.0,1122.0,287.0,531.0,256.0,4.0598,335900.0
809,-118.03,33.97,32.0,2468.0,552.0,1190.0,479.0,3.8275,238500.0
810,-122.32,38.0,32.0,2275.0,397.0,1233.0,418.0,4.0437,162800.0
811,-118.28,34.17,22.0,2664.0,651.0,1553.0,629.0,3.6354,256300.0
812,-119.14,36.06,32.0,1838.0,441.0,1628.0,425.0,1.6452,41500.0
813,-117.13,34.07,34.0,2405.0,541.0,1342.0,514.0,2.8031,86900.0
814,-120.67,35.3,32.0,4202.0,986.0,2309.0,956.0,2.2165,231700.0
815,-118.06,34.12,34.0,2941.0,558.0,1660.0,576.0,4.5667,271500.0
816,-122.39,40.57,38.0,855.0,172.0,468.0,150.0,1.4091,84400.0
817,-118.39,33.88,33.0,2543.0,439.0,1098.0,416.0,5.9683,495500.0
818,-118.16,34.02,47.0,1055.0,298.0,1303.0,302.0,2.6964,138800.0
819,-122.58,37.98,52.0,1180.0,216.0,467.0,197.0,4.9615,292200.0
820,-118.02,33.92,35.0,2075.0,424.0,1312.0,396.0,3.7969,164800.0
821,-119.7,34.4,25.0,1858.0,493.0,865.0,460.0,3.0938,312500.0
822,-122.68,38.43,29.0,488.0,63.0,161.0,62.0,6.0774,334400.0
823,-121.35,38.59,29.0,1285.0,193.0,460.0,206.0,5.3243,265700.0
824,-121.98,37.27,25.0,3075.0,564.0,1633.0,543.0,5.2528,269400.0
825,-118.08,34.58,5.0,1113.0,186.0,631.0,168.0,4.1719,146600.0
826,-118.25,34.06,20.0,41.0,17.0,87.0,25.0,1.5491,225000.0
827,-122.25,37.82,26.0,3959.0,1196.0,1749.0,1217.0,3.0233,255000.0
828,-119.05,34.35,39.0,950.0,300.0,1366.0,312.0,2.2443,146600.0
829,-117.54,33.76,5.0,5846.0,1035.0,3258.0,1001.0,4.7965,160800.0
830,-118.21,33.88,31.0,1332.0,417.0,1405.0,363.0,2.0125,143000.0
831,-117.2,32.79,29.0,1213.0,228.0,654.0,246.0,4.5987,255600.0
832,-120.96,37.59,11.0,4236.0,879.0,2410.0,850.0,2.3849,122000.0
833,-118.24,34.01,48.0,396.0,99.0,485.0,110.0,2.375,107500.0
834,-118.27,34.0,43.0,1638.0,434.0,1213.0,390.0,1.3403,110800.0
835,-122.25,37.89,41.0,1125.0,195.0,356.0,181.0,6.1593,344000.0
836,-117.3,34.09,40.0,1051.0,244.0,745.0,243.0,2.1842,75200.0
837,-120.91,37.74,19.0,1690.0,327.0,855.0,296.0,3.25,176700.0
838,-122.16,38.9,33.0,1221.0,236.0,488.0,199.0,3.7574,92700.0
839,-118.31,33.89,35.0,2144.0,423.0,1192.0,417.0,4.1458,231500.0
840,-118.18,34.02,43.0,887.0,219.0,965.0,217.0,2.625,133900.0
841,-117.97,33.75,32.0,1564.0,270.0,973.0,290.0,3.75,190400.0
842,-117.95,35.08,1.0,83.0,15.0,32.0,15.0,4.875,141700.0
843,-118.03,33.91,35.0,2323.0,406.0,1741.0,398.0,4.2437,164100.0
844,-118.38,33.97,43.0,2715.0,458.0,1151.0,434.0,7.4897,362600.0
845,-119.82,36.72,25.0,2581.0,528.0,1642.0,509.0,1.6435,52600.0
846,-122.06,37.68,30.0,5367.0,1207.0,2667.0,1047.0,3.1796,170300.0
847,-122.41,40.55,19.0,3753.0,761.0,1952.0,738.0,3.0954,86500.0
848,-117.88,33.72,36.0,1910.0,352.0,1593.0,329.0,3.89,170000.0
849,-120.8,38.31,37.0,1341.0,256.0,533.0,242.0,3.2135,123600.0
850,-118.1,34.17,48.0,1111.0,229.0,421.0,202.0,3.2813,268100.0
851,-118.09,34.12,38.0,1713.0,285.0,779.0,286.0,5.6152,359900.0
852,-118.31,34.06,47.0,3038.0,1533.0,4225.0,1472.0,1.6725,187500.0
853,-118.02,33.8,16.0,2956.0,393.0,1379.0,429.0,8.4952,359600.0
854,-121.94,37.28,18.0,4356.0,1334.0,1968.0,1245.0,3.6294,240000.0
855,-117.95,34.08,37.0,1137.0,203.0,672.0,226.0,3.2969,189000.0
856,-118.15,33.94,36.0,1948.0,341.0,992.0,363.0,4.2594,242400.0
857,-121.81,37.99,22.0,2331.0,359.0,1086.0,340.0,5.1435,150800.0
858,-121.81,38.58,17.0,1964.0,314.0,808.0,286.0,5.9629,286000.0
859,-121.28,38.77,6.0,3819.0,550.0,1738.0,587.0,5.8718,201400.0
860,-118.43,34.01,43.0,1487.0,242.0,675.0,247.0,5.3403,489800.0
861,-121.38,38.59,36.0,1239.0,237.0,764.0,222.0,3.0156,103000.0
862,-117.68,35.65,15.0,2701.0,576.0,1245.0,513.0,3.3269,81900.0
863,-117.69,33.58,8.0,2887.0,351.0,1176.0,351.0,10.3953,500001.0
864,-118.24,34.0,23.0,588.0,157.0,716.0,173.0,1.2056,87500.0
865,-117.7,33.6,25.0,1321.0,295.0,396.0,278.0,3.1131,77100.0
866,-118.38,33.86,12.0,4235.0,735.0,1798.0,683.0,6.4242,365500.0
867,-117.05,32.61,31.0,4033.0,715.0,2585.0,715.0,3.5096,139900.0
868,-121.38,38.64,19.0,4563.0,1069.0,2256.0,926.0,2.1472,143400.0
869,-117.1,32.74,20.0,3854.0,1046.0,3555.0,966.0,1.6747,100000.0
870,-122.47,37.76,48.0,2064.0,484.0,1055.0,467.0,2.8711,329600.0
871,-117.84,33.76,16.0,238.0,51.0,93.0,50.0,5.375,215700.0
872,-122.26,37.88,52.0,2604.0,837.0,1798.0,769.0,1.725,287500.0
873,-118.4,33.87,45.0,2181.0,505.0,965.0,471.0,5.3816,500001.0
874,-122.37,38.33,29.0,1868.0,291.0,764.0,284.0,4.825,195100.0
875,-117.98,34.01,27.0,2643.0,418.0,1344.0,381.0,5.7057,262100.0
876,-122.7,38.45,26.0,2011.0,557.0,855.0,530.0,1.125,233300.0
877,-118.41,33.97,44.0,2789.0,503.0,3732.0,474.0,4.6176,352300.0
878,-121.92,37.3,36.0,2088.0,358.0,772.0,347.0,4.2762,310100.0
879,-122.11,37.37,49.0,1068.0,190.0,410.0,171.0,7.2045,500001.0
880,-121.87,37.39,9.0,2522.0,547.0,1591.0,481.0,4.9091,259700.0
881,-120.18,39.14,25.0,2171.0,386.0,248.0,116.0,3.0375,171900.0
882,-117.06,32.76,36.0,2785.0,577.0,1275.0,527.0,2.3015,156800.0
883,-117.24,33.93,12.0,7105.0,1447.0,4520.0,1333.0,3.2705,113200.0
884,-118.25,33.98,47.0,617.0,162.0,754.0,144.0,2.2969,116700.0
885,-117.8,33.68,14.0,2635.0,516.0,1150.0,499.0,4.4391,306700.0
886,-119.78,36.37,41.0,831.0,149.0,443.0,146.0,3.1406,100000.0
887,-117.04,32.7,7.0,9311.0,1703.0,7302.0,1694.0,4.419,156900.0
888,-118.29,34.0,6.0,1487.0,468.0,1509.0,403.0,1.4639,112500.0
889,-118.36,34.06,52.0,2130.0,455.0,921.0,395.0,2.9605,500001.0
890,-122.42,37.62,39.0,1355.0,214.0,682.0,246.0,6.3443,324700.0
891,-118.42,34.25,37.0,1545.0,341.0,1909.0,352.0,3.6791,148100.0
892,-121.1,38.95,17.0,1475.0,403.0,943.0,363.0,2.1287,55300.0
893,-117.74,34.05,27.0,852.0,237.0,1024.0,221.0,2.1141,110900.0
894,-122.39,37.74,52.0,126.0,24.0,37.0,27.0,10.2264,225000.0
895,-118.37,34.08,52.0,2946.0,695.0,1258.0,650.0,3.9783,374100.0
896,-122.08,37.87,24.0,6130.0,1359.0,1750.0,1286.0,2.9167,102700.0
897,-118.44,34.2,28.0,1732.0,435.0,1198.0,417.0,2.9219,241300.0
898,-121.37,38.56,19.0,6308.0,1167.0,3012.0,1112.0,2.9464,113500.0
899,-122.1,37.93,20.0,10212.0,1424.0,4083.0,1374.0,8.039,382200.0
900,-117.22,32.95,4.0,18123.0,3173.0,7301.0,2964.0,6.357,322500.0
901,-122.13,37.46,31.0,2247.0,573.0,1711.0,511.0,3.2642,185600.0
902,-122.3,38.29,20.0,1789.0,434.0,1113.0,398.0,2.4728,139700.0
903,-123.41,40.61,17.0,769.0,205.0,301.0,126.0,1.7875,55000.0
904,-120.77,37.01,28.0,1689.0,378.0,1057.0,267.0,3.125,156300.0
905,-118.8,34.41,45.0,1610.0,406.0,1148.0,347.0,2.7,120400.0
906,-119.27,34.27,52.0,1577.0,343.0,836.0,335.0,3.5893,206600.0
907,-122.47,37.74,52.0,3797.0,668.0,1633.0,658.0,5.6787,363600.0
908,-118.26,34.13,25.0,3208.0,1111.0,2843.0,1005.0,2.6673,218100.0
909,-119.77,36.76,40.0,2009.0,519.0,2219.0,505.0,1.2101,49100.0
910,-124.16,41.92,19.0,1668.0,324.0,841.0,283.0,2.1336,75000.0
911,-119.03,36.13,24.0,2259.0,408.0,1169.0,395.0,1.7106,95500.0
912,-122.18,37.79,41.0,1411.0,233.0,626.0,214.0,7.0875,240700.0
913,-123.85,39.39,23.0,4671.0,912.0,2095.0,857.0,3.184,140500.0
914,-122.7,38.33,16.0,1244.0,242.0,696.0,236.0,3.6369,158700.0
915,-118.1,33.85,36.0,956.0,159.0,416.0,157.0,4.6429,223700.0
916,-117.99,34.08,35.0,1032.0,207.0,954.0,191.0,2.8906,134800.0
917,-121.93,37.73,8.0,831.0,231.0,404.0,224.0,3.375,350000.0
918,-118.44,34.23,43.0,2257.0,429.0,1418.0,442.0,4.5278,181800.0
919,-118.32,34.26,24.0,5106.0,1010.0,2310.0,957.0,4.4375,191500.0
920,-118.15,34.11,39.0,2618.0,582.0,1314.0,532.0,3.5875,309300.0
921,-117.74,34.04,27.0,2215.0,440.0,1987.0,449.0,3.0429,129600.0
922,-121.35,38.28,17.0,2756.0,557.0,1986.0,530.0,3.2234,82000.0
923,-122.75,39.01,17.0,4162.0,967.0,889.0,414.0,3.4187,200500.0
924,-120.66,35.46,17.0,3748.0,609.0,1860.0,612.0,4.5179,225600.0
925,-122.62,38.92,13.0,520.0,115.0,249.0,109.0,1.8417,84700.0
926,-117.22,34.26,16.0,8020.0,1432.0,1749.0,540.0,4.9716,162500.0
927,-117.92,33.75,8.0,2325.0,598.0,1511.0,565.0,3.3629,137500.0
928,-122.28,37.81,36.0,2914.0,562.0,1236.0,509.0,2.4464,102100.0
929,-118.12,33.81,37.0,1798.0,331.0,860.0,340.0,4.2143,228500.0
930,-119.19,36.06,29.0,1815.0,376.0,1421.0,339.0,1.9091,71300.0
931,-117.97,34.07,22.0,1438.0,364.0,1325.0,335.0,2.7802,162500.0
932,-118.09,34.03,27.0,3797.0,597.0,2043.0,614.0,5.5,276800.0
933,-121.93,37.28,10.0,3163.0,832.0,1537.0,797.0,4.1674,214000.0
934,-122.65,38.96,27.0,2143.0,580.0,898.0,367.0,1.6769,63200.0
935,-122.49,37.75,48.0,2387.0,424.0,1041.0,408.0,3.7562,321200.0
936,-122.31,37.56,45.0,1792.0,301.0,829.0,318.0,4.9013,330100.0
937,-121.27,38.14,33.0,3557.0,894.0,2659.0,894.0,2.2883,86900.0
938,-118.39,34.23,18.0,3405.0,831.0,3001.0,795.0,3.0083,181900.0
939,-118.39,34.07,33.0,5301.0,1281.0,2243.0,1159.0,4.2386,500001.0
940,-117.15,32.92,16.0,2366.0,392.0,1482.0,407.0,4.9024,182900.0
941,-122.09,37.38,34.0,1959.0,342.0,849.0,357.0,6.2884,414700.0
942,-117.06,32.61,23.0,1630.0,362.0,1267.0,418.0,2.5625,131100.0
943,-122.33,37.91,36.0,1954.0,513.0,1437.0,440.0,1.125,93800.0
944,-116.92,32.76,7.0,1659.0,237.0,862.0,242.0,5.2741,249400.0
945,-116.0,34.12,32.0,3163.0,712.0,1358.0,544.0,2.125,57700.0
946,-117.69,33.6,19.0,3562.0,439.0,1584.0,470.0,6.4211,288100.0
947,-117.23,33.91,9.0,11654.0,2100.0,7596.0,2127.0,4.0473,127200.0
948,-117.18,34.04,41.0,1766.0,288.0,753.0,278.0,4.9125,140700.0
949,-121.33,38.28,14.0,980.0,171.0,659.0,183.0,4.4306,170100.0
950,-121.88,37.32,38.0,1787.0,508.0,2113.0,530.0,2.6386,177600.0
951,-122.52,37.97,33.0,563.0,194.0,265.0,169.0,2.75,231300.0
952,-117.77,34.06,27.0,2178.0,629.0,2379.0,591.0,1.9766,108000.0
953,-121.01,37.72,23.0,1373.0,264.0,677.0,245.0,2.5486,161100.0
954,-117.33,33.87,14.0,2300.0,335.0,1001.0,311.0,5.1045,161300.0
955,-118.24,33.97,37.0,1212.0,314.0,1403.0,279.0,2.5536,117200.0
956,-117.8,33.89,25.0,3121.0,381.0,1278.0,389.0,7.0217,357900.0
957,-119.62,36.56,30.0,1722.0,372.0,1467.0,403.0,1.8878,51600.0
958,-122.16,37.69,36.0,1118.0,219.0,625.0,228.0,3.7813,192200.0
959,-117.97,33.8,35.0,2985.0,474.0,1614.0,453.0,5.4631,225600.0
960,-120.87,37.76,16.0,2022.0,413.0,1126.0,408.0,2.5655,116400.0
961,-120.46,37.31,26.0,3170.0,572.0,1524.0,565.0,3.48,95300.0
962,-118.23,34.14,39.0,277.0,89.0,182.0,91.0,2.3958,175000.0
963,-121.07,38.66,22.0,1831.0,274.0,813.0,269.0,4.6394,173400.0
964,-120.09,36.95,16.0,3222.0,511.0,1425.0,503.0,4.1544,119400.0
965,-118.21,33.96,38.0,2090.0,519.0,1871.0,504.0,2.4688,169000.0
966,-122.63,38.23,37.0,1966.0,348.0,875.0,381.0,4.0703,223800.0
967,-119.4,36.25,25.0,1696.0,279.0,909.0,291.0,2.3,132800.0
968,-117.38,33.21,31.0,1502.0,367.0,1514.0,342.0,2.6442,103300.0
969,-117.25,32.8,37.0,1096.0,260.0,490.0,267.0,3.2663,270600.0
970,-122.23,40.57,18.0,1633.0,243.0,750.0,252.0,5.1585,150800.0
971,-121.23,38.79,45.0,907.0,176.0,463.0,190.0,2.2292,92000.0
972,-121.55,40.48,14.0,2413.0,524.0,805.0,329.0,2.7857,77400.0
973,-117.89,33.92,34.0,1473.0,312.0,1025.0,315.0,3.8333,170400.0
974,-117.23,32.72,43.0,952.0,209.0,392.0,210.0,2.1635,244200.0
975,-117.92,33.79,35.0,1785.0,288.0,1033.0,297.0,4.5739,190500.0
976,-117.58,34.11,14.0,11635.0,2055.0,6443.0,2009.0,4.7547,157600.0
977,-120.85,38.69,18.0,5928.0,1097.0,2697.0,1096.0,3.4872,141400.0
978,-121.53,38.48,5.0,27870.0,5027.0,11935.0,4855.0,4.8811,212200.0
979,-117.21,32.82,31.0,2035.0,383.0,866.0,360.0,3.8529,212000.0
980,-117.35,34.13,26.0,3920.0,570.0,1862.0,552.0,3.7286,132000.0
981,-118.17,33.79,30.0,1349.0,519.0,2646.0,552.0,1.9318,115900.0
982,-118.3,34.26,37.0,2824.0,633.0,1619.0,573.0,3.5568,184500.0
983,-118.02,33.83,16.0,1139.0,328.0,665.0,290.0,3.2933,260000.0
984,-116.99,33.01,11.0,1412.0,185.0,529.0,166.0,7.7517,500001.0
985,-122.56,38.01,21.0,2144.0,400.0,840.0,398.0,4.6,239500.0
986,-118.15,34.1,39.0,3856.0,867.0,1847.0,830.0,3.4559,364900.0
987,-117.93,33.73,27.0,3662.0,834.0,3009.0,743.0,3.9816,179500.0
988,-121.09,38.03,21.0,2064.0,342.0,1021.0,359.0,4.517,152200.0
989,-116.66,33.09,24.0,1378.0,272.0,532.0,188.0,1.5909,221900.0
990,-118.26,33.83,24.0,3059.0,729.0,2064.0,629.0,3.5518,184600.0
991,-117.94,33.93,14.0,999.0,232.0,1037.0,244.0,2.7125,166100.0
992,-116.93,32.83,19.0,3038.0,529.0,1463.0,509.0,3.944,172500.0
993,-122.29,37.85,52.0,477.0,119.0,218.0,106.0,2.5682,120000.0
994,-122.48,37.67,14.0,3395.0,1059.0,2258.0,945.0,2.964,319700.0
995,-119.33,36.31,15.0,1472.0,228.0,892.0,257.0,5.3909,113000.0
996,-118.41,34.21,35.0,1789.0,292.0,897.0,267.0,5.592,239900.0
997,-119.5,34.35,39.0,308.0,38.0,59.0,21.0,11.7794,500001.0
998,-118.33,34.11,48.0,1601.0,464.0,784.0,461.0,3.0642,342900.0
999,-118.3,34.1,29.0,3403.0,1367.0,3432.0,1174.0,1.7083,166700.0
1000,-119.75,34.4,31.0,1997.0,299.0,826.0,301.0,6.8927,500001.0
1001,-120.94,39.32,14.0,3120.0,595.0,1569.0,556.0,3.5385,157400.0
1002,-117.68,35.61,9.0,4241.0,832.0,1929.0,742.0,3.5988,84500.0
1003,-122.27,38.12,45.0,4423.0,1001.0,2109.0,874.0,2.6937,111800.0
1004,-118.21,34.11,32.0,2759.0,499.0,1661.0,533.0,4.3812,228200.0
1005,-117.23,33.1,4.0,1862.0,291.0,685.0,248.0,7.745,237400.0
1006,-119.46,35.14,30.0,2943.0,697.0,1565.0,584.0,2.5313,45800.0
1007,-119.78,36.76,50.0,1343.0,322.0,1063.0,342.0,1.75,49800.0
1008,-117.81,33.66,20.0,2851.0,490.0,1192.0,463.0,5.8752,274200.0
1009,-119.29,34.31,25.0,1092.0,190.0,702.0,215.0,3.9063,192700.0
1010,-122.41,37.61,46.0,2975.0,643.0,1479.0,577.0,3.8214,273600.0
1011,-120.32,37.29,38.0,576.0,130.0,478.0,112.0,2.3382,59600.0
1012,-118.37,34.16,40.0,1973.0,382.0,774.0,352.0,4.4122,282300.0
1013,-122.05,37.05,41.0,2422.0,502.0,915.0,366.0,4.1679,201300.0
1014,-118.46,34.03,52.0,523.0,124.0,317.0,130.0,2.2794,337500.0
1015,-117.12,32.76,43.0,2336.0,644.0,1203.0,614.0,2.3594,127800.0
1016,-122.04,37.57,12.0,5719.0,1064.0,3436.0,1057.0,5.2879,231200.0
1017,-121.97,37.36,34.0,884.0,153.0,534.0,154.0,6.0116,271200.0
1018,-121.28,38.53,18.0,224.0,38.0,95.0,41.0,3.1042,165000.0
1019,-119.09,35.3,3.0,2821.0,519.0,1353.0,495.0,3.6852,109800.0
1020,-121.75,36.91,42.0,1368.0,468.0,2312.0,484.0,2.5599,151400.0
1021,-121.86,38.0,4.0,4075.0,927.0,2239.0,849.0,3.5857,165200.0
1022,-118.53,34.45,26.0,828.0,149.0,508.0,158.0,5.2374,185500.0
1023,-117.94,33.81,24.0,4602.0,1131.0,3003.0,1014.0,3.6771,172200.0
1024,-119.84,34.45,26.0,4424.0,616.0,1839.0,601.0,6.3654,331200.0
1025,-118.24,33.91,37.0,1607.0,377.0,1526.0,375.0,1.7158,94300.0
1026,-117.06,33.14,27.0,3819.0,674.0,2447.0,717.0,3.8185,137200.0
1027,-120.98,37.67,33.0,1433.0,298.0,824.0,302.0,2.7621,109100.0
1028,-117.74,34.09,30.0,3199.0,591.0,2192.0,563.0,3.4871,136400.0
1029,-118.18,34.01,39.0,322.0,82.0,319.0,90.0,2.6364,148800.0
1030,-118.24,33.89,32.0,1132.0,266.0,1211.0,279.0,2.1838,98300.0
1031,-123.08,40.4,10.0,365.0,102.0,140.0,49.0,1.7969,37500.0
1032,-117.32,34.07,52.0,1226.0,269.0,693.0,272.0,1.9963,76900.0
1033,-118.24,33.85,25.0,9594.0,1489.0,5237.0,1496.0,5.9684,193300.0
1034,-122.23,37.78,52.0,472.0,146.0,415.0,126.0,2.6429,71300.0
1035,-121.18,38.78,13.0,3480.0,528.0,1432.0,532.0,6.1642,277800.0
1036,-118.1,33.91,29.0,505.0,113.0,411.0,113.0,2.6397,164400.0
1037,-121.97,38.04,38.0,2505.0,554.0,1595.0,498.0,2.5833,83500.0
1038,-118.47,34.0,41.0,2331.0,636.0,1839.0,537.0,2.288,263500.0
1039,-119.31,36.39,32.0,2293.0,466.0,1538.0,468.0,1.9342,68600.0
1040,-122.17,37.71,38.0,890.0,200.0,481.0,198.0,3.244,179800.0
1041,-122.49,37.68,35.0,2405.0,461.0,1583.0,471.0,5.0659,238000.0
1042,-121.3,37.98,39.0,3375.0,659.0,1388.0,631.0,2.6364,93800.0
1043,-121.37,38.57,22.0,4899.0,847.0,1701.0,826.0,5.2449,387000.0
1044,-122.08,37.61,6.0,2605.0,474.0,1568.0,433.0,5.0406,261400.0
1045,-117.11,32.57,32.0,2723.0,586.0,1702.0,562.0,3.3371,140500.0
1046,-122.09,37.4,22.0,1489.0,436.0,662.0,470.0,3.5179,197200.0
1047,-122.01,36.98,27.0,2820.0,730.0,1511.0,745.0,2.589,242400.0
1048,-118.25,34.0,36.0,1033.0,267.0,1112.0,229.0,1.7237,105800.0
1049,-117.83,33.66,16.0,1574.0,385.0,515.0,363.0,5.3423,291700.0
1050,-121.96,37.74,2.0,200.0,20.0,25.0,9.0,15.0001,350000.0
1051,-119.81,36.73,51.0,956.0,196.0,662.0,180.0,2.101,56700.0
1052,-118.62,34.06,25.0,3546.0,584.0,1530.0,601.0,7.4001,500001.0
1053,-122.35,37.96,35.0,1326.0,346.0,1023.0,295.0,2.0724,97700.0
1054,-119.06,36.1,21.0,1344.0,249.0,868.0,221.0,2.5893,63600.0
1055,-122.47,37.75,52.0,1598.0,285.0,689.0,265.0,4.6071,337400.0
1056,-122.54,37.9,41.0,3170.0,622.0,1091.0,528.0,3.7813,389200.0
1057,-119.73,36.76,30.0,1548.0,282.0,886.0,311.0,3.1,71300.0
1058,-122.03,36.96,40.0,584.0,126.0,316.0,139.0,3.5938,243500.0
1059,-119.75,36.78,33.0,1145.0,197.0,508.0,198.0,2.3333,81300.0
1060,-117.3,33.06,24.0,2171.0,511.0,870.0,442.0,3.194,276300.0
1061,-121.99,36.96,16.0,875.0,201.0,300.0,157.0,2.625,377300.0
1062,-120.73,39.63,17.0,1791.0,356.0,432.0,190.0,3.8826,92400.0
1063,-118.48,34.03,19.0,902.0,284.0,414.0,272.0,1.3333,310000.0
1064,-118.22,33.95,36.0,1679.0,483.0,2249.0,487.0,2.8167,160400.0
1065,-118.24,33.97,43.0,1357.0,349.0,1657.0,331.0,2.0819,111800.0
1066,-117.82,35.03,30.0,2555.0,510.0,1347.0,467.0,3.3693,71800.0
1067,-117.02,32.7,18.0,1643.0,283.0,1134.0,269.0,5.1769,133000.0
1068,-122.35,37.94,47.0,1275.0,275.0,844.0,273.0,2.8967,95600.0
1069,-119.8,36.78,50.0,1818.0,374.0,737.0,338.0,2.2614,73000.0
1070,-122.19,37.48,38.0,1300.0,269.0,608.0,292.0,4.5568,286900.0
1071,-122.38,37.59,31.0,3052.0,844.0,1581.0,788.0,3.0744,457700.0
1072,-122.15,37.75,44.0,1938.0,399.0,946.0,331.0,3.225,135800.0
1073,-119.35,36.19,6.0,958.0,226.0,734.0,230.0,1.0349,67800.0
1074,-120.45,34.95,7.0,1479.0,532.0,1057.0,459.0,2.2538,162500.0
1075,-122.28,38.29,19.0,531.0,112.0,139.0,80.0,1.9875,325000.0
1076,-122.26,37.84,49.0,713.0,202.0,462.0,189.0,1.025,118800.0
1077,-122.3,37.81,52.0,572.0,109.0,274.0,82.0,1.8516,85000.0
1078,-118.22,33.9,22.0,312.0,107.0,583.0,119.0,1.9423,98400.0
1079,-117.67,33.64,11.0,2722.0,554.0,1565.0,508.0,5.1645,164100.0
1080,-122.02,37.01,20.0,1005.0,138.0,345.0,129.0,10.0968,500001.0
1081,-117.38,33.19,17.0,353.0,112.0,359.0,118.0,1.5625,162500.0
1082,-118.01,34.08,30.0,2281.0,522.0,1969.0,500.0,3.6531,166300.0
1083,-118.6,34.13,20.0,14291.0,1934.0,5452.0,1875.0,9.1232,472000.0
1084,-118.52,34.2,19.0,4315.0,1304.0,2490.0,1222.0,2.6437,195000.0
1085,-118.42,34.27,35.0,2700.0,702.0,3444.0,679.0,1.4867,124000.0
1086,-122.08,37.71,35.0,2211.0,350.0,1004.0,365.0,5.4639,238600.0
1087,-117.65,33.57,5.0,1998.0,500.0,1185.0,446.0,4.3542,195600.0
1088,-120.54,37.68,18.0,335.0,76.0,189.0,67.0,1.2273,87500.0
1089,-118.31,34.05,40.0,1667.0,365.0,1161.0,384.0,3.1406,417600.0
1090,-122.42,37.6,34.0,3562.0,565.0,1542.0,563.0,5.8783,405100.0
1091,-118.18,33.98,38.0,1477.0,374.0,1514.0,408.0,2.5703,178600.0
1092,-121.25,36.32,12.0,4776.0,1082.0,4601.0,1066.0,2.9184,100500.0
1093,-118.17,34.69,12.0,4881.0,803.0,2188.0,724.0,4.1667,171900.0
1094,-120.33,39.3,16.0,868.0,178.0,44.0,21.0,3.0,175000.0
1095,-118.38,34.06,29.0,3946.0,1008.0,1676.0,876.0,2.7824,450000.0
1096,-119.78,36.73,52.0,1377.0,319.0,1280.0,259.0,1.2344,43300.0
1097,-118.33,33.97,44.0,2526.0,579.0,1423.0,573.0,2.5363,158800.0
1098,-118.37,34.06,36.0,1661.0,395.0,690.0,365.0,3.3438,500001.0
1099,-119.0,35.39,51.0,1373.0,284.0,648.0,300.0,2.8295,72100.0
1100,-117.95,33.87,35.0,1854.0,383.0,1115.0,381.0,4.4784,185200.0
1101,-118.38,34.58,18.0,1859.0,375.0,913.0,372.0,4.3456,148900.0
1102,-118.29,34.08,25.0,2459.0,823.0,2635.0,763.0,2.4,173900.0
1103,-120.97,37.68,16.0,2493.0,535.0,1370.0,504.0,3.3368,121200.0
1104,-122.28,37.87,52.0,589.0,132.0,288.0,131.0,3.5156,200000.0
1105,-118.14,33.88,41.0,1531.0,343.0,1119.0,341.0,4.3646,161400.0
1106,-122.06,37.38,20.0,4293.0,1272.0,2389.0,1210.0,4.2719,270800.0
1107,-118.54,34.27,28.0,2309.0,300.0,931.0,302.0,6.7415,348200.0
1108,-117.88,33.84,25.0,1781.0,349.0,918.0,378.0,3.9286,262700.0
1109,-118.3,34.19,52.0,1704.0,277.0,746.0,262.0,4.7986,326100.0
1110,-117.84,33.8,35.0,1490.0,251.0,629.0,257.0,4.3661,222100.0
1111,-121.27,38.65,25.0,2787.0,601.0,1247.0,522.0,2.9016,159800.0
1112,-117.88,33.87,21.0,1519.0,388.0,1203.0,366.0,3.2083,145300.0
1113,-119.88,34.42,22.0,2367.0,492.0,1333.0,488.0,3.6304,312200.0
1114,-118.48,34.01,31.0,1829.0,458.0,719.0,392.0,4.4,353800.0
1115,-116.95,33.86,1.0,6.0,2.0,8.0,2.0,1.625,55000.0
1116,-117.67,33.51,17.0,2112.0,480.0,1893.0,433.0,4.0388,120400.0
1117,-118.35,34.04,38.0,1626.0,375.0,1019.0,372.0,2.3687,146800.0
1118,-124.16,40.8,52.0,2167.0,480.0,908.0,451.0,1.6111,74700.0
1119,-118.35,34.05,33.0,2880.0,836.0,1416.0,736.0,2.6781,328800.0
1120,-119.08,34.35,24.0,3663.0,828.0,2718.0,778.0,3.2757,186000.0
1121,-122.51,37.78,45.0,2564.0,499.0,1056.0,460.0,4.7328,351100.0
1122,-118.36,34.14,30.0,1376.0,317.0,629.0,320.0,3.6823,295200.0
1123,-121.96,37.55,4.0,3746.0,993.0,1606.0,838.0,4.1387,162500.0
1124,-117.19,32.77,30.0,2747.0,640.0,3185.0,657.0,3.765,238000.0
1125,-118.09,33.89,42.0,1150.0,215.0,708.0,204.0,3.6875,171500.0
1126,-121.76,36.9,44.0,919.0,309.0,1321.0,301.0,2.0775,121400.0
1127,-118.14,33.92,35.0,2378.0,559.0,1799.0,546.0,3.9327,190500.0
1128,-119.06,34.36,52.0,1239.0,320.0,934.0,298.0,1.8618,183300.0
1129,-118.12,34.16,52.0,2218.0,437.0,1211.0,422.0,5.0237,241900.0
1130,-117.8,34.15,14.0,7876.0,1253.0,3699.0,1162.0,5.5423,248700.0
1131,-120.04,39.24,30.0,2369.0,469.0,510.0,213.0,2.65,123800.0
1132,-121.47,38.48,25.0,2969.0,551.0,1745.0,487.0,2.6382,76200.0
1133,-122.27,37.54,15.0,2126.0,310.0,905.0,306.0,8.9083,500001.0
1134,-122.02,37.54,31.0,1240.0,264.0,719.0,236.0,3.535,210300.0
1135,-121.38,38.4,15.0,4155.0,637.0,1722.0,616.0,4.8831,154400.0
1136,-122.04,37.35,20.0,2016.0,313.0,767.0,310.0,6.837,383000.0
1137,-117.12,32.76,41.0,1469.0,421.0,803.0,395.0,2.1856,120500.0
1138,-117.34,34.18,7.0,2914.0,481.0,1584.0,499.0,4.6312,124900.0
1139,-121.02,37.67,32.0,3951.0,797.0,1916.0,740.0,2.6722,111500.0
1140,-119.06,34.38,33.0,1465.0,262.0,731.0,266.0,3.9464,230300.0
1141,-118.16,33.91,35.0,1403.0,338.0,1415.0,367.0,3.0967,144000.0
1142,-121.92,37.34,52.0,2584.0,491.0,1087.0,433.0,4.4,391300.0
1143,-119.03,34.21,11.0,4528.0,729.0,2398.0,684.0,5.3044,319000.0
1144,-121.96,37.34,37.0,663.0,127.0,293.0,132.0,3.7813,247800.0
1145,-114.61,33.62,16.0,1187.0,261.0,1115.0,242.0,2.1759,61500.0
1146,-117.27,33.15,4.0,23915.0,4135.0,10877.0,3958.0,4.6357,244900.0
1147,-121.37,38.62,27.0,1743.0,380.0,697.0,368.0,1.6678,166100.0
1148,-118.18,33.82,43.0,2210.0,469.0,1042.0,418.0,3.5,216700.0
1149,-118.02,33.77,33.0,2683.0,436.0,1520.0,456.0,5.0091,211500.0
1150,-120.05,34.47,21.0,1241.0,248.0,746.0,211.0,3.8056,425000.0
1151,-118.25,34.01,45.0,782.0,270.0,1030.0,235.0,1.0898,93400.0
1152,-119.54,38.51,14.0,1250.0,272.0,721.0,234.0,2.35,95700.0
1153,-117.27,34.5,7.0,2045.0,342.0,878.0,292.0,6.0296,194100.0
1154,-121.96,36.99,23.0,3209.0,748.0,1423.0,666.0,2.7375,238000.0
1155,-118.19,34.04,45.0,963.0,234.0,1194.0,239.0,2.1806,134900.0
1156,-121.28,37.95,49.0,1200.0,364.0,1448.0,318.0,1.1094,52500.0
1157,-117.96,33.79,29.0,1813.0,501.0,1170.0,482.0,2.0677,214500.0
1158,-118.44,34.17,25.0,4966.0,1134.0,1941.0,958.0,3.8081,286700.0
1159,-122.31,37.52,35.0,1817.0,262.0,659.0,262.0,6.8336,457200.0
1160,-117.97,33.92,24.0,2017.0,416.0,900.0,436.0,3.0,251400.0
1161,-117.71,34.05,20.0,2281.0,444.0,1545.0,481.0,2.5735,130500.0
1162,-118.42,34.02,26.0,2664.0,842.0,1745.0,789.0,3.4269,301900.0
1163,-120.25,37.11,20.0,2062.0,466.0,1285.0,456.0,1.5319,50500.0
1164,-121.35,38.51,29.0,2337.0,391.0,1054.0,352.0,4.2206,157700.0
1165,-120.25,38.55,15.0,4403.0,891.0,1103.0,433.0,3.0125,111700.0
1166,-118.02,34.02,21.0,5992.0,986.0,2647.0,969.0,5.2405,302400.0
1167,-120.66,35.26,15.0,5540.0,1319.0,2383.0,1165.0,2.2656,226200.0
1168,-120.66,40.42,35.0,1450.0,325.0,717.0,297.0,2.5074,66400.0
1169,-118.15,35.06,15.0,1069.0,296.0,569.0,263.0,2.0441,73300.0
1170,-122.51,37.78,47.0,2496.0,494.0,1201.0,454.0,4.0353,342200.0
1171,-120.46,34.65,22.0,1298.0,358.0,1272.0,363.0,1.6488,117500.0
1172,-117.93,33.93,25.0,2431.0,534.0,1702.0,523.0,3.7933,184400.0
1173,-118.21,33.97,49.0,1409.0,313.0,1268.0,317.0,3.9408,170600.0
1174,-120.18,34.62,25.0,1337.0,219.0,671.0,225.0,3.1912,226400.0
1175,-122.14,37.43,18.0,2060.0,563.0,1144.0,600.0,4.0686,378600.0
1176,-123.11,40.6,23.0,708.0,202.0,316.0,136.0,1.1602,65000.0
1177,-117.94,33.84,25.0,4016.0,831.0,2166.0,774.0,3.1884,135400.0
1178,-122.75,38.48,4.0,6487.0,1112.0,2958.0,1131.0,4.5417,197400.0
1179,-121.61,37.15,16.0,5498.0,729.0,2051.0,694.0,7.8601,416300.0
1180,-122.42,40.6,5.0,2614.0,433.0,1275.0,411.0,3.4464,122900.0
1181,-119.16,34.95,14.0,4054.0,787.0,1581.0,579.0,3.0882,148200.0
1182,-118.63,34.24,9.0,4759.0,924.0,1884.0,915.0,4.8333,277200.0
1183,-121.95,36.98,34.0,3745.0,958.0,1622.0,802.0,3.1546,261200.0
1184,-117.25,32.79,43.0,906.0,240.0,458.0,205.0,1.8365,328600.0
1185,-119.18,34.22,15.0,4615.0,1008.0,2549.0,973.0,3.9063,198700.0
1186,-117.26,32.82,34.0,5846.0,785.0,1817.0,747.0,8.496,500001.0
1187,-117.07,32.79,25.0,2489.0,314.0,911.0,309.0,7.8336,277600.0
1188,-116.76,34.23,10.0,4374.0,989.0,1020.0,376.0,2.6071,89000.0
1189,-118.25,34.13,52.0,322.0,88.0,229.0,89.0,2.125,243800.0
1190,-117.28,34.26,18.0,3895.0,689.0,1086.0,375.0,3.3672,133600.0
1191,-122.57,38.11,32.0,3521.0,748.0,1706.0,723.0,3.4705,228600.0
1192,-122.45,37.79,52.0,1457.0,215.0,495.0,208.0,10.7097,500001.0
1193,-117.77,33.71,15.0,2102.0,295.0,1060.0,303.0,7.3141,337100.0
1194,-119.44,36.61,17.0,1531.0,280.0,775.0,246.0,3.9073,91600.0
1195,-118.32,33.93,37.0,2379.0,462.0,1327.0,445.0,4.25,172100.0
1196,-118.22,33.79,28.0,3008.0,629.0,2537.0,596.0,2.3,137500.0
1197,-122.65,38.48,17.0,1090.0,164.0,473.0,163.0,5.5061,231800.0
1198,-121.23,37.96,44.0,2204.0,473.0,1277.0,435.0,1.5539,59200.0
1199,-117.86,34.09,26.0,3408.0,542.0,1664.0,543.0,6.1498,239100.0
1200,-122.06,37.86,16.0,5187.0,1014.0,1512.0,986.0,4.4551,252400.0
1201,-117.36,34.1,29.0,2819.0,637.0,1683.0,608.0,2.3205,87600.0
1202,-117.3,34.1,49.0,60.0,11.0,76.0,13.0,2.5625,75000.0
1203,-122.14,38.03,42.0,118.0,34.0,54.0,30.0,2.5795,225000.0
1204,-121.64,36.8,18.0,5915.0,1000.0,2975.0,975.0,4.5812,255200.0
1205,-122.24,38.01,11.0,3751.0,565.0,1949.0,555.0,5.7862,269400.0
1206,-116.86,34.31,19.0,1649.0,328.0,382.0,151.0,4.0556,133000.0
1207,-122.71,37.88,21.0,2845.0,552.0,599.0,250.0,4.3125,495800.0
1208,-117.09,32.56,8.0,864.0,156.0,626.0,172.0,4.8984,151500.0
1209,-122.25,37.47,35.0,3183.0,515.0,1313.0,487.0,5.9062,383200.0
1210,-118.12,33.77,20.0,4534.0,954.0,1941.0,892.0,6.0362,463500.0
1211,-120.96,37.67,17.0,2434.0,511.0,1558.0,546.0,2.9219,114300.0
1212,-119.3,36.32,23.0,3521.0,615.0,1712.0,636.0,3.3875,92500.0
1213,-117.39,33.96,52.0,1992.0,345.0,948.0,358.0,3.2917,129300.0
1214,-121.0,37.6,22.0,4412.0,925.0,3116.0,817.0,2.6899,82100.0
1215,-117.09,32.64,19.0,2571.0,791.0,1205.0,783.0,1.62,131300.0
1216,-122.05,37.93,15.0,7803.0,1603.0,2957.0,1546.0,4.45,184900.0
1217,-120.43,34.87,26.0,1699.0,272.0,799.0,266.0,3.9871,157700.0
1218,-122.09,37.69,43.0,500.0,110.0,273.0,120.0,3.3125,150000.0
1219,-118.46,34.01,39.0,711.0,148.0,347.0,153.0,4.2813,297200.0
1220,-121.98,37.37,35.0,995.0,202.0,615.0,199.0,5.0942,217500.0
1221,-121.97,37.76,8.0,3743.0,581.0,1633.0,567.0,6.7027,381900.0
1222,-117.81,33.83,8.0,7326.0,884.0,2569.0,798.0,10.157,477100.0
1223,-118.16,33.89,38.0,483.0,113.0,389.0,108.0,2.1859,143800.0
1224,-115.57,32.78,25.0,2007.0,301.0,1135.0,332.0,5.128,99600.0
1225,-117.62,33.42,27.0,1005.0,266.0,460.0,243.0,3.1029,190600.0
1226,-121.51,38.56,43.0,1048.0,312.0,1320.0,294.0,1.0649,137500.0
1227,-117.11,32.75,18.0,1943.0,587.0,1329.0,522.0,1.7696,103100.0
1228,-122.46,37.72,37.0,1833.0,388.0,1093.0,363.0,3.0703,211800.0
1229,-122.01,37.58,17.0,4313.0,717.0,2629.0,721.0,5.7579,231800.0
1230,-116.85,34.26,18.0,6988.0,1635.0,2044.0,726.0,2.4308,90600.0
1231,-122.18,37.15,17.0,1457.0,289.0,591.0,235.0,5.5785,284100.0
1232,-116.95,32.82,19.0,5308.0,1058.0,2852.0,1092.0,2.9161,135700.0
1233,-117.23,32.74,16.0,1953.0,404.0,798.0,385.0,4.8167,169800.0
1234,-117.84,34.11,17.0,3499.0,621.0,1911.0,621.0,4.8894,191700.0
1235,-122.49,37.76,48.0,1351.0,270.0,650.0,265.0,3.5278,339800.0
1236,-117.93,33.71,10.0,2775.0,717.0,1581.0,633.0,4.1366,158800.0
1237,-118.18,33.74,30.0,5915.0,1750.0,2136.0,1503.0,4.0968,310000.0
1238,-118.08,33.92,38.0,1335.0,282.0,1011.0,269.0,3.6908,157500.0
1239,-118.3,34.01,52.0,1444.0,343.0,1154.0,334.0,2.0625,134400.0
1240,-122.17,39.31,35.0,2791.0,552.0,1395.0,476.0,2.5625,62700.0
1241,-117.14,32.75,19.0,1358.0,613.0,766.0,630.0,1.0353,150000.0
1242,-117.94,34.04,36.0,1431.0,354.0,1367.0,334.0,3.5592,160200.0
1243,-121.74,37.19,11.0,1290.0,197.0,881.0,191.0,4.2039,500001.0
1244,-118.36,33.81,26.0,1575.0,300.0,881.0,309.0,5.1778,359900.0
1245,-122.44,37.78,37.0,1235.0,314.0,481.0,297.0,3.6875,492300.0
1246,-118.19,33.81,23.0,954.0,390.0,804.0,373.0,2.5833,181300.0
1247,-117.29,33.19,18.0,6235.0,1233.0,4127.0,1162.0,3.0704,151600.0
1248,-117.24,32.85,18.0,3117.0,475.0,904.0,368.0,6.7587,388500.0
1249,-117.24,32.8,29.0,3376.0,882.0,1513.0,843.0,3.101,238200.0
1250,-120.98,38.66,9.0,2073.0,404.0,916.0,373.0,3.225,163300.0
1251,-119.63,36.76,22.0,4126.0,614.0,1795.0,613.0,4.925,154700.0
1252,-121.65,37.12,14.0,4721.0,999.0,2648.0,888.0,3.6895,239300.0
1253,-121.9,37.44,12.0,4228.0,734.0,2594.0,732.0,6.6086,299400.0
1254,-122.11,37.7,23.0,1689.0,461.0,828.0,443.0,2.1552,161400.0
1255,-118.29,33.95,35.0,1401.0,362.0,1357.0,327.0,2.0917,99300.0
1256,-117.76,34.06,30.0,1700.0,504.0,1719.0,459.0,2.227,91900.0
1257,-118.32,34.08,52.0,2370.0,473.0,1053.0,434.0,4.1429,380300.0
1258,-117.08,32.72,32.0,2286.0,468.0,1741.0,467.0,3.0446,101900.0
1259,-117.13,32.79,35.0,1362.0,243.0,698.0,255.0,3.6458,173800.0
1260,-121.94,36.98,24.0,3010.0,562.0,1360.0,504.0,4.2006,290700.0
1261,-118.23,33.96,36.0,1062.0,270.0,1136.0,273.0,1.6597,109100.0
1262,-121.98,37.36,34.0,1735.0,318.0,1019.0,301.0,4.5625,242700.0
1263,-118.28,34.12,50.0,2384.0,312.0,836.0,337.0,12.8763,500001.0
1264,-122.13,37.15,39.0,2854.0,613.0,1338.0,518.0,3.9423,180300.0
1265,-118.2,33.78,48.0,1766.0,497.0,1908.0,466.0,1.9872,168800.0
1266,-117.73,34.12,26.0,1279.0,163.0,412.0,157.0,6.1731,293800.0
1267,-117.99,33.69,12.0,2480.0,858.0,1441.0,788.0,1.6705,350000.0
1268,-117.94,34.06,32.0,3418.0,662.0,2003.0,622.0,4.0333,210200.0
1269,-117.39,34.11,5.0,2987.0,457.0,1821.0,485.0,4.8889,138900.0
1270,-122.0,38.35,38.0,1918.0,364.0,745.0,348.0,2.5707,126000.0
1271,-120.98,37.59,2.0,5042.0,834.0,2784.0,787.0,4.6484,145900.0
1272,-118.26,34.12,45.0,2839.0,698.0,1768.0,653.0,3.1306,214000.0
1273,-122.16,37.68,16.0,1687.0,348.0,568.0,352.0,2.3869,83300.0
1274,-118.12,33.83,45.0,1579.0,278.0,687.0,285.0,5.0424,225900.0
1275,-117.88,33.79,32.0,1484.0,295.0,928.0,295.0,5.1418,190300.0
1276,-122.41,37.71,40.0,2054.0,433.0,1738.0,429.0,4.9926,213900.0
1277,-122.39,37.73,43.0,4864.0,972.0,3134.0,959.0,4.3393,217300.0
1278,-121.93,36.63,33.0,1740.0,342.0,638.0,329.0,3.1912,319800.0
1279,-120.31,38.02,11.0,2366.0,398.0,1046.0,387.0,3.8203,139700.0
1280,-122.47,37.61,34.0,4551.0,837.0,2208.0,834.0,5.4364,279300.0
1281,-117.68,34.0,5.0,3761.0,580.0,2335.0,648.0,5.7338,225400.0
1282,-122.28,37.85,41.0,535.0,123.0,317.0,119.0,2.4038,107500.0
1283,-117.18,32.92,4.0,15025.0,2616.0,7560.0,2392.0,5.196,210700.0
1284,-117.7,33.6,26.0,2283.0,506.0,634.0,469.0,2.3774,74300.0
1285,-122.48,37.75,52.0,2074.0,401.0,1136.0,409.0,4.7703,331000.0
1286,-117.15,32.74,26.0,3149.0,832.0,1320.0,808.0,3.0259,211700.0
1287,-119.9,36.79,22.0,1970.0,332.0,1066.0,319.0,3.3125,106100.0
1288,-117.19,32.78,34.0,4108.0,664.0,1659.0,644.0,4.4097,252000.0
1289,-118.39,34.03,25.0,3442.0,1050.0,1890.0,914.0,3.0574,319400.0
1290,-117.78,33.68,15.0,1834.0,330.0,841.0,309.0,6.0634,234300.0
1291,-119.67,36.65,20.0,2512.0,449.0,1464.0,450.0,3.9211,92300.0
1292,-118.26,34.02,41.0,848.0,323.0,1428.0,313.0,1.5603,109600.0
1293,-122.24,38.01,16.0,2084.0,315.0,1154.0,307.0,6.0102,235600.0
1294,-122.25,38.16,17.0,4459.0,944.0,1812.0,888.0,2.9375,106700.0
1295,-117.32,33.8,11.0,3196.0,576.0,1757.0,552.0,4.0982,173300.0
1296,-118.21,34.06,52.0,470.0,115.0,434.0,123.0,2.095,109100.0
1297,-119.77,36.8,24.0,3748.0,770.0,1827.0,719.0,2.7222,83100.0
1298,-121.86,37.41,16.0,1603.0,287.0,1080.0,296.0,6.1256,266900.0
1299,-117.97,33.88,9.0,1344.0,279.0,530.0,265.0,5.0731,185100.0
1300,-121.84,39.72,52.0,1457.0,389.0,802.0,342.0,0.9566,69000.0
1301,-118.51,34.2,37.0,2066.0,434.0,1031.0,414.0,4.0924,188400.0
1302,-117.93,33.78,28.0,4380.0,820.0,2187.0,835.0,3.9018,182300.0
1303,-117.75,33.61,16.0,2270.0,488.0,709.0,489.0,3.2845,227600.0
1304,-121.46,38.7,32.0,965.0,183.0,568.0,188.0,3.8611,93900.0
1305,-119.28,36.32,29.0,2274.0,514.0,1234.0,521.0,1.9138,66900.0
1306,-118.74,34.28,21.0,4056.0,637.0,1974.0,634.0,5.9024,221000.0
1307,-119.33,36.19,27.0,418.0,163.0,332.0,141.0,1.0714,63800.0
1308,-118.75,34.27,24.0,3241.0,461.0,1567.0,446.0,5.5983,233300.0
1309,-118.21,33.93,33.0,2739.0,801.0,3423.0,741.0,2.2847,132700.0
1310,-122.37,37.96,37.0,1572.0,402.0,1046.0,350.0,0.7403,68600.0
1311,-121.98,37.28,27.0,3526.0,589.0,1725.0,553.0,5.7812,275000.0
1312,-117.03,32.61,23.0,1553.0,216.0,778.0,229.0,5.1538,171300.0
1313,-117.28,34.41,14.0,2105.0,396.0,960.0,396.0,2.9934,118200.0
1314,-118.02,34.13,33.0,2874.0,458.0,1239.0,431.0,5.2329,430900.0
1315,-117.9,34.06,33.0,1330.0,209.0,578.0,192.0,5.6406,266200.0
1316,-118.47,34.24,19.0,2405.0,661.0,1855.0,621.0,2.3111,255400.0
1317,-122.49,37.86,35.0,2729.0,538.0,969.0,528.0,6.7669,500001.0
1318,-121.44,38.68,19.0,2476.0,534.0,1355.0,463.0,2.0625,94400.0
1319,-118.36,34.2,14.0,1878.0,614.0,1874.0,559.0,2.5267,231800.0
1320,-117.28,33.06,8.0,4172.0,1022.0,2585.0,941.0,4.0118,245800.0
1321,-122.43,37.73,52.0,1142.0,224.0,494.0,206.0,5.0602,298900.0
1322,-118.13,34.13,52.0,2826.0,381.0,924.0,365.0,7.9976,500001.0
1323,-118.05,33.95,33.0,1954.0,390.0,1600.0,376.0,3.6125,170800.0
1324,-121.99,38.26,18.0,921.0,126.0,368.0,120.0,6.0842,261100.0
1325,-122.47,37.78,52.0,1941.0,436.0,955.0,425.0,4.1339,396400.0
1326,-121.27,38.66,15.0,2642.0,520.0,1032.0,475.0,4.1382,189800.0
1327,-122.24,37.81,52.0,2026.0,482.0,709.0,456.0,3.2727,268500.0
1328,-121.44,38.47,5.0,5666.0,1178.0,3139.0,1131.0,3.3608,108900.0
1329,-118.12,33.77,10.0,7264.0,1137.0,2528.0,1057.0,10.2233,500001.0
1330,-117.98,33.94,32.0,2562.0,491.0,1222.0,446.0,4.0985,226200.0
1331,-118.07,34.16,35.0,2459.0,438.0,970.0,437.0,4.2143,369400.0
1332,-118.19,34.14,46.0,2387.0,488.0,1181.0,456.0,3.6058,257900.0
1333,-118.21,34.12,52.0,1301.0,389.0,1189.0,361.0,2.5139,190000.0
1334,-121.92,36.63,36.0,877.0,175.0,349.0,168.0,3.4167,339100.0
1335,-117.97,33.84,18.0,1063.0,209.0,462.0,223.0,2.8348,219000.0
1336,-118.41,33.99,39.0,3014.0,822.0,3212.0,777.0,1.1985,215000.0
1337,-119.44,36.6,34.0,864.0,184.0,579.0,171.0,2.0417,72500.0
1338,-122.7,39.14,13.0,532.0,111.0,214.0,62.0,3.3929,108300.0
1339,-122.3,37.56,37.0,1962.0,367.0,1267.0,382.0,4.7344,271800.0
1340,-121.99,37.54,26.0,2332.0,371.0,1285.0,404.0,5.388,225000.0
1341,-118.38,33.98,25.0,7105.0,1012.0,2519.0,1004.0,6.8112,500001.0
1342,-117.98,33.83,17.0,3506.0,992.0,2104.0,893.0,3.3006,185800.0
1343,-117.96,33.68,25.0,2004.0,349.0,1085.0,343.0,4.7656,230700.0
1344,-117.64,33.66,6.0,5221.0,1217.0,2597.0,1119.0,4.6076,204000.0
1345,-121.29,37.33,36.0,48.0,12.0,27.0,8.0,4.0,75000.0
1346,-122.44,37.77,52.0,5604.0,1268.0,2023.0,1196.0,4.4085,400000.0
1347,-118.33,33.98,28.0,3889.0,1199.0,3121.0,1046.0,1.8806,113900.0
1348,-121.29,37.99,30.0,1271.0,528.0,2019.0,524.0,1.5152,81300.0
1349,-121.8,37.35,17.0,2529.0,423.0,1756.0,429.0,5.1017,240700.0
1350,-119.29,36.53,33.0,1509.0,352.0,1734.0,336.0,1.625,50300.0
1351,-118.11,34.03,36.0,1493.0,316.0,989.0,293.0,3.5272,213700.0
1352,-121.87,37.42,19.0,12128.0,2112.0,6810.0,2040.0,6.4419,264500.0
1353,-122.09,37.7,33.0,4413.0,1107.0,2239.0,1051.0,2.9861,208200.0
1354,-122.29,37.87,52.0,2225.0,460.0,1145.0,430.0,2.6165,150000.0
1355,-117.11,32.66,52.0,25.0,5.0,14.0,9.0,1.625,118800.0
1356,-121.9,37.39,42.0,42.0,14.0,26.0,14.0,1.7361,500001.0
1357,-117.52,33.88,21.0,722.0,178.0,770.0,165.0,2.5656,102500.0
1358,-121.47,38.7,31.0,1007.0,181.0,563.0,185.0,3.625,91300.0
1359,-122.28,37.52,27.0,2958.0,655.0,1285.0,577.0,4.0801,397800.0
1360,-118.41,34.25,33.0,827.0,192.0,981.0,184.0,2.6429,143100.0
1361,-122.25,37.8,52.0,2087.0,510.0,1197.0,488.0,3.0149,218400.0
1362,-119.05,34.24,24.0,4341.0,646.0,1929.0,703.0,5.4298,279600.0
1363,-118.26,34.06,33.0,1950.0,1047.0,3707.0,1012.0,1.7238,110000.0
1364,-117.09,32.7,15.0,869.0,217.0,887.0,216.0,1.4583,84200.0
1365,-117.39,34.07,15.0,1966.0,331.0,1118.0,323.0,3.8558,122700.0
1366,-122.22,37.79,37.0,2343.0,574.0,1608.0,523.0,2.1494,132500.0
1367,-118.43,34.04,52.0,2425.0,435.0,962.0,412.0,5.8587,494700.0
1368,-117.56,33.88,36.0,838.0,210.0,722.0,180.0,2.4861,96200.0
1369,-118.13,34.16,52.0,1787.0,427.0,1107.0,410.0,2.5664,215000.0
1370,-122.21,37.47,33.0,1266.0,415.0,1991.0,334.0,2.92,202800.0
1371,-118.08,33.78,34.0,2287.0,347.0,1051.0,346.0,5.5767,372000.0
1372,-118.23,34.21,29.0,2584.0,608.0,1217.0,568.0,3.3287,273400.0
1373,-117.23,32.73,44.0,1168.0,263.0,509.0,256.0,2.7273,269700.0
1374,-118.19,33.77,21.0,2103.0,727.0,1064.0,603.0,1.6178,137500.0
1375,-117.17,32.81,26.0,788.0,127.0,346.0,125.0,5.0603,185700.0
1376,-122.0,36.97,39.0,2702.0,646.0,1136.0,491.0,2.8941,256700.0
1377,-120.61,35.12,12.0,3430.0,793.0,1840.0,720.0,2.9821,162000.0
1378,-118.17,33.83,46.0,1362.0,214.0,531.0,222.0,4.3125,290500.0
1379,-117.86,33.89,24.0,2002.0,253.0,820.0,241.0,6.9612,274500.0
1380,-118.51,34.22,36.0,1493.0,285.0,766.0,272.0,4.8646,213200.0
1381,-118.26,33.9,38.0,1566.0,318.0,981.0,318.0,4.0234,111900.0
1382,-118.02,34.04,27.0,5640.0,1001.0,3538.0,978.0,5.065,215400.0
1383,-118.37,34.1,37.0,407.0,67.0,100.0,47.0,15.0001,500001.0
1384,-117.99,33.79,35.0,2301.0,467.0,2272.0,454.0,3.9566,167800.0
1385,-122.42,37.71,44.0,2080.0,489.0,1781.0,478.0,3.6827,215300.0
1386,-117.25,33.93,8.0,10110.0,1761.0,5804.0,1703.0,4.2654,137600.0
1387,-122.04,37.85,27.0,6039.0,780.0,2181.0,761.0,9.5862,469400.0
1388,-117.23,32.87,11.0,3123.0,740.0,1223.0,634.0,5.417,196800.0
1389,-117.16,32.81,35.0,1213.0,200.0,532.0,181.0,3.6806,172400.0
1390,-118.09,33.9,37.0,1147.0,258.0,742.0,242.0,4.0461,153500.0
1391,-118.08,34.07,32.0,4089.0,975.0,3775.0,955.0,3.29,205500.0
1392,-117.09,32.79,31.0,2019.0,417.0,872.0,386.0,3.1964,177700.0
1393,-121.66,37.13,20.0,4477.0,924.0,2656.0,871.0,3.8788,226900.0
1394,-118.24,33.96,34.0,946.0,254.0,1101.0,239.0,1.7396,105900.0
1395,-122.02,37.53,21.0,4280.0,673.0,2216.0,681.0,5.7072,242200.0
1396,-117.82,33.9,25.0,1137.0,170.0,524.0,164.0,7.5744,259300.0
1397,-118.21,33.94,34.0,710.0,205.0,1134.0,233.0,2.7734,141100.0
1398,-117.88,34.0,32.0,265.0,51.0,170.0,50.0,3.9375,187500.0
1399,-118.11,33.86,36.0,2750.0,487.0,1386.0,458.0,4.9904,221700.0
1400,-118.86,34.07,16.0,1409.0,244.0,970.0,172.0,8.0144,500001.0
1401,-122.49,38.32,30.0,1631.0,284.0,788.0,284.0,3.3098,195500.0
1402,-121.66,39.66,17.0,3502.0,655.0,1763.0,613.0,2.9625,101200.0
1403,-122.33,37.93,34.0,2326.0,471.0,1356.0,441.0,2.3475,90300.0
1404,-117.28,33.2,20.0,4835.0,854.0,2983.0,834.0,4.3428,152100.0
1405,-122.16,37.72,38.0,1007.0,245.0,618.0,239.0,2.875,144800.0
1406,-117.85,34.12,30.0,4367.0,1033.0,2524.0,954.0,3.0448,192100.0
1407,-119.26,35.5,38.0,2536.0,409.0,1133.0,430.0,4.2375,78600.0
1408,-123.35,40.99,23.0,141.0,59.0,47.0,23.0,1.125,66000.0
1409,-118.14,34.16,39.0,2776.0,840.0,2546.0,773.0,2.575,153500.0
1410,-118.39,34.23,43.0,1193.0,299.0,1184.0,320.0,2.1518,161600.0
1411,-117.03,32.79,17.0,7352.0,1699.0,3331.0,1634.0,2.7006,166300.0
1412,-117.84,33.8,34.0,2004.0,331.0,843.0,328.0,3.59,230600.0
1413,-116.69,33.5,13.0,1187.0,255.0,442.0,179.0,1.9107,155700.0
1414,-121.09,37.61,42.0,1787.0,296.0,921.0,287.0,3.8864,171400.0
1415,-117.14,32.76,35.0,2539.0,661.0,1308.0,629.0,2.6777,146400.0
1416,-122.69,38.46,32.0,2970.0,504.0,1117.0,512.0,5.0,275900.0
1417,-121.13,38.55,8.0,530.0,109.0,398.0,96.0,4.2031,212500.0
1418,-121.87,37.27,25.0,1730.0,226.0,721.0,243.0,7.5845,279300.0
1419,-117.91,33.66,26.0,5761.0,1326.0,2681.0,1116.0,4.0341,243300.0
1420,-121.94,37.34,42.0,2174.0,420.0,1304.0,464.0,3.1429,286500.0
1421,-121.83,37.95,17.0,1133.0,244.0,716.0,235.0,2.875,162500.0
1422,-124.17,41.8,16.0,2739.0,480.0,1259.0,436.0,3.7557,109400.0
1423,-118.33,34.06,52.0,1368.0,231.0,737.0,248.0,8.3617,433800.0
1424,-118.24,33.8,28.0,636.0,169.0,788.0,143.0,3.6161,131300.0
1425,-122.59,38.12,25.0,7784.0,1145.0,3445.0,1166.0,6.0132,287900.0
1426,-122.48,37.71,29.0,1048.0,150.0,455.0,152.0,6.1278,417600.0
1427,-120.73,37.38,37.0,653.0,176.0,827.0,176.0,1.9236,64400.0
1428,-117.04,32.62,26.0,3620.0,607.0,2000.0,593.0,4.9962,156000.0
1429,-118.44,34.27,36.0,1111.0,275.0,1333.0,266.0,3.5347,158100.0
1430,-121.0,37.61,36.0,2647.0,604.0,2045.0,550.0,2.273,62900.0
1431,-117.84,33.89,24.0,3935.0,625.0,1912.0,593.0,5.7951,226900.0
1432,-122.25,37.77,52.0,1527.0,320.0,825.0,264.0,3.4531,208800.0
1433,-118.36,34.1,37.0,7097.0,2010.0,2913.0,1939.0,2.875,300000.0
1434,-116.92,32.79,24.0,4055.0,742.0,2123.0,744.0,4.5224,142000.0
1435,-121.94,38.35,8.0,3157.0,559.0,1758.0,569.0,4.412,140100.0
1436,-120.87,35.41,16.0,2168.0,444.0,782.0,374.0,3.0187,278100.0
1437,-118.1,33.83,36.0,2000.0,343.0,956.0,352.0,5.3735,234400.0
1438,-117.99,34.07,31.0,1507.0,369.0,1548.0,347.0,3.4327,147200.0
1439,-121.49,37.94,31.0,1860.0,394.0,1848.0,293.0,2.2891,162500.0
1440,-119.63,36.32,36.0,1518.0,287.0,749.0,255.0,2.2333,61000.0
1441,-121.89,39.76,15.0,10265.0,1860.0,4591.0,1906.0,3.07,142600.0
1442,-117.11,32.76,31.0,2293.0,549.0,1108.0,557.0,3.3854,204400.0
1443,-118.14,34.07,42.0,1036.0,199.0,656.0,215.0,4.1902,235000.0
1444,-118.26,33.95,38.0,1387.0,346.0,1240.0,355.0,1.6898,95100.0
1445,-122.35,40.56,16.0,2801.0,614.0,1695.0,563.0,1.9,81600.0
1446,-118.26,34.06,40.0,637.0,273.0,1150.0,263.0,1.8625,131300.0
1447,-117.82,33.71,9.0,5206.0,992.0,4660.0,978.0,2.885,162500.0
1448,-119.98,38.96,25.0,2443.0,444.0,868.0,342.0,3.5417,114800.0
1449,-118.43,34.09,27.0,1613.0,200.0,497.0,197.0,7.9835,500001.0
1450,-117.14,32.75,20.0,1182.0,379.0,678.0,326.0,2.1937,162500.0
1451,-118.47,34.3,16.0,2495.0,551.0,2314.0,567.0,3.6736,192200.0
1452,-121.78,38.68,39.0,2806.0,662.0,1659.0,638.0,1.9787,97800.0
1453,-122.28,37.8,52.0,96.0,31.0,191.0,34.0,0.75,162500.0
1454,-117.21,32.8,19.0,786.0,282.0,525.0,229.0,1.7273,137500.0
1455,-121.46,38.54,48.0,1001.0,205.0,605.0,175.0,1.8333,58200.0
1456,-121.13,36.21,30.0,1484.0,414.0,1200.0,351.0,1.7548,95800.0
1457,-122.53,37.97,52.0,205.0,119.0,228.0,132.0,1.9063,200000.0
1458,-122.35,37.92,36.0,921.0,200.0,585.0,236.0,1.9224,94000.0
1459,-122.12,37.28,21.0,349.0,64.0,149.0,56.0,5.8691,360000.0
1460,-121.32,38.26,4.0,6125.0,1063.0,3077.0,953.0,4.1179,134600.0
1461,-121.91,36.62,40.0,1292.0,271.0,504.0,230.0,2.475,258300.0
1462,-117.81,33.71,16.0,2666.0,387.0,1227.0,347.0,7.3769,302400.0
1463,-119.71,36.81,19.0,2282.0,550.0,1034.0,500.0,1.6618,69700.0
1464,-119.19,34.17,27.0,2183.0,364.0,1458.0,388.0,4.4567,191100.0
1465,-117.82,33.79,26.0,2641.0,633.0,3657.0,617.0,4.1339,222300.0
1466,-118.27,34.16,48.0,1301.0,253.0,637.0,260.0,4.3438,252700.0
1467,-118.33,34.1,45.0,1913.0,696.0,1552.0,611.0,2.0888,237500.0
1468,-122.29,37.91,46.0,2085.0,346.0,748.0,354.0,4.0536,262000.0
1469,-118.02,33.82,21.0,2052.0,456.0,1173.0,432.0,3.7885,204500.0
1470,-118.22,33.96,35.0,1437.0,474.0,2113.0,484.0,2.6179,158800.0
1471,-116.89,32.82,18.0,2515.0,443.0,1442.0,449.0,5.0201,154400.0
1472,-117.95,33.86,35.0,2478.0,431.0,1333.0,427.0,5.2099,191400.0
1473,-122.27,37.48,26.0,3542.0,507.0,1392.0,524.0,8.5184,500001.0
1474,-120.51,39.52,26.0,2286.0,444.0,498.0,216.0,2.065,96100.0
1475,-118.42,34.09,40.0,3552.0,392.0,1024.0,370.0,15.0001,500001.0
1476,-119.5,35.27,23.0,3827.0,696.0,1993.0,617.0,3.0742,57900.0
1477,-122.91,39.07,21.0,2202.0,484.0,1000.0,381.0,2.4423,102300.0
1478,-122.46,37.77,52.0,1824.0,388.0,799.0,363.0,3.75,435700.0
1479,-121.54,36.99,27.0,2361.0,449.0,1782.0,397.0,3.2614,305000.0
1480,-118.45,34.19,37.0,1073.0,254.0,739.0,253.0,2.4667,192200.0
1481,-117.95,34.05,35.0,1309.0,276.0,1113.0,253.0,4.375,156500.0
1482,-120.56,35.48,12.0,4161.0,731.0,1609.0,615.0,5.0947,267500.0
1483,-122.46,37.65,21.0,2751.0,502.0,2027.0,491.0,5.2573,322900.0
1484,-117.85,33.76,33.0,1866.0,327.0,1053.0,371.0,4.5461,213800.0
1485,-118.21,33.92,37.0,1705.0,403.0,1839.0,410.0,2.5833,132700.0
1486,-118.17,33.98,31.0,1236.0,329.0,1486.0,337.0,3.0938,155400.0
1487,-121.79,37.34,20.0,2018.0,328.0,1196.0,323.0,4.9318,262400.0
1488,-117.98,33.83,32.0,1133.0,166.0,523.0,187.0,6.213,230800.0
1489,-118.43,34.3,37.0,1394.0,313.0,1111.0,327.0,3.6023,161800.0
1490,-121.69,39.36,34.0,842.0,186.0,635.0,165.0,1.8355,63000.0
1491,-117.27,33.77,16.0,2876.0,576.0,1859.0,545.0,2.0878,101300.0
1492,-122.41,37.59,40.0,2401.0,383.0,894.0,356.0,5.6493,422400.0
1493,-117.48,34.1,30.0,2287.0,531.0,1796.0,503.0,2.5833,90600.0
1494,-117.06,32.7,12.0,3943.0,737.0,3280.0,751.0,4.112,141400.0
1495,-121.92,36.63,40.0,1076.0,193.0,406.0,180.0,3.4943,311100.0
1496,-120.44,37.31,16.0,3369.0,532.0,1770.0,574.0,5.2662,126200.0
1497,-117.18,32.7,44.0,2655.0,514.0,1102.0,489.0,3.6759,368800.0
1498,-121.57,39.12,30.0,2601.0,534.0,1702.0,506.0,2.08,56600.0
1499,-122.21,37.79,52.0,762.0,190.0,600.0,195.0,3.0893,125000.0
